Date,Open,High,Low,Pull Call
1/7/2022,,,,0.59
1/6/2022,,,,0.6
1/5/2022,,,,0.57
1/4/2022,,,,0.47
1/3/2022,,,,0.43
12/31/2021,,,,0.55
12/30/2021,,,,0.49
12/29/2021,,,,0.55
12/28/2021,,,,0.46
12/27/2021,,,,0.45
12/23/2021,,,,0.49
12/22/2021,,,,0.47
12/21/2021,,,,0.49
12/20/2021,,,,0.47
12/17/2021,,,,0.59
12/16/2021,,,,0.55
12/15/2021,,,,0.59
12/14/2021,,,,0.6
12/13/2021,,,,0.56
12/10/2021,,,,0.61
12/9/2021,,,,0.53
12/8/2021,,,,0.45
12/7/2021,,,,0.43
12/6/2021,,,,0.54
12/3/2021,,,,0.74
12/2/2021,,,,0.62
12/1/2021,,,,0.52
11/30/2021,,,,0.48
11/29/2021,,,,0.42
11/26/2021,,,,0.56
11/24/2021,,,,0.5
11/23/2021,,,,0.53
11/22/2021,,,,0.4
11/19/2021,,,,0.42
11/18/2021,,,,0.45
11/17/2021,,,,0.45
11/16/2021,,,,0.44
11/15/2021,,,,0.42
11/12/2021,,,,0.47
11/11/2021,,,,0.44
11/10/2021,,,,0.48
11/9/2021,,,,0.44
11/8/2021,,,,0.36
11/5/2021,,,,0.44
11/4/2021,,,,0.39
11/3/2021,,,,0.39
11/2/2021,,,,0.37
11/1/2021,,,,0.4
10/29/2021,,,,0.46
10/28/2021,,,,0.36
10/27/2021,,,,0.51
10/26/2021,,,,0.43
10/25/2021,,,,0.41
10/22/2021,,,,0.53
10/21/2021,,,,0.44
10/20/2021,,,,0.42
10/19/2021,,,,0.4
10/18/2021,,,,0.42
10/15/2021,,,,0.48
10/14/2021,,,,0.45
10/13/2021,,,,0.48
10/12/2021,,,,0.41
10/11/2021,,,,0.5
10/8/2021,,,,0.55
10/7/2021,,,,0.52
10/6/2021,,,,0.48
10/5/2021,,,,0.45
10/4/2021,,,,0.59
10/1/2021,,,,0.56
9/30/2021,,,,0.58
9/29/2021,,,,0.51
9/28/2021,,,,0.55
9/27/2021,,,,0.43
9/24/2021,,,,0.57
9/23/2021,,,,0.43
9/22/2021,,,,0.48
9/21/2021,,,,0.44
9/20/2021,,,,0.54
9/17/2021,,,,0.56
9/16/2021,,,,0.49
9/15/2021,,,,0.49
9/14/2021,,,,0.55
9/13/2021,,,,0.46
9/10/2021,,,,0.53
9/9/2021,,,,0.47
9/8/2021,,,,0.42
9/7/2021,,,,0.43
9/3/2021,,,,0.5
9/2/2021,,,,0.42
9/1/2021,,,,0.45
8/31/2021,,,,0.46
8/30/2021,,,,0.42
8/26/2021,,,,0.55
8/25/2021,,,,0.42
8/24/2021,,,,0.39
8/23/2021,,,,0.41
8/20/2021,,,,0.57
8/19/2021,,,,0.61
8/18/2021,,,,0.52
8/17/2021,,,,0.58
8/16/2021,,,,0.54
8/13/2021,,,,0.57
8/12/2021,,,,0.53
8/11/2021,,,,0.52
8/10/2021,,,,0.43
8/9/2021,,,,0.49
8/6/2021,,,,0.55
8/5/2021,,,,0.52
8/4/2021,,,,0.52
8/3/2021,,,,0.47
8/2/2021,,,,0.51
7/30/2021,,,,0.56
7/29/2021,,,,0.48
7/28/2021,,,,0.52
7/27/2021,,,,0.59
7/26/2021,,,,0.54
7/23/2021,,,,0.61
7/22/2021,,,,0.57
7/21/2021,,,,0.46
7/20/2021,,,,0.44
7/19/2021,,,,0.53
7/16/2021,,,,0.69
7/15/2021,,,,0.59
7/14/2021,,,,0.49
7/13/2021,,,,0.48
7/12/2021,,,,0.49
7/9/2021,,,,0.53
7/8/2021,,,,0.59
7/7/2021,,,,0.52
7/6/2021,,,,0.51
7/2/2021,,,,0.51
7/1/2021,,,,0.44
6/30/2021,,,,0.4
6/29/2021,,,,0.43
6/28/2021,,,,0.42
6/25/2021,,,,0.48
6/24/2021,,,,0.4
6/23/2021,,,,0.39
6/22/2021,,,,0.47
6/21/2021,,,,0.42
6/18/2021,,,,0.56
6/17/2021,,,,0.49
6/16/2021,,,,0.55
6/15/2021,,,,0.45
6/14/2021,,,,0.36
6/11/2021,,,,0.48
6/10/2021,,,,0.43
6/9/2021,,,,0.36
6/8/2021,,,,0.35
6/7/2021,,,,0.43
6/4/2021,,,,0.44
6/3/2021,,,,0.41
6/1/2021,,,,0.42
5/28/2021,,,,0.45
5/27/2021,,,,0.41
5/26/2021,,,,0.44
5/25/2021,,,,0.49
5/24/2021,,,,0.41
5/21/2021,,,,0.53
5/20/2021,,,,0.48
5/19/2021,,,,0.58
5/18/2021,,,,0.48
5/17/2021,,,,0.55
5/14/2021,,,,0.54
5/13/2021,,,,0.63
5/12/2021,,,,0.63
5/11/2021,,,,0.57
5/10/2021,,,,0.59
5/7/2021,,,,0.51
5/6/2021,,,,0.57
5/5/2021,,,,0.46
5/4/2021,,,,0.56
5/3/2021,,,,0.51
4/30/2021,,,,0.59
4/29/2021,,,,0.47
4/28/2021,,,,0.43
4/27/2021,,,,0.5
4/26/2021,,,,0.43
4/23/2021,,,,0.55
4/22/2021,,,,0.52
4/21/2021,,,,0.43
4/20/2021,,,,0.48
4/19/2021,,,,0.45
4/16/2021,,,,0.44
4/15/2021,,,,0.48
4/14/2021,,,,0.43
4/13/2021,,,,0.44
4/12/2021,,,,0.48
4/9/2021,,,,0.5
4/8/2021,,,,0.45
4/7/2021,,,,0.47
4/6/2021,,,,0.41
4/5/2021,,,,0.38
4/1/2021,,,,0.42
3/31/2021,,,,0.42
3/30/2021,,,,0.48
3/29/2021,,,,0.51
3/26/2021,,,,0.58
3/25/2021,,,,0.58
3/24/2021,,,,0.57
3/23/2021,,,,0.44
3/22/2021,,,,0.39
3/19/2021,,,,0.51
3/18/2021,,,,0.47
3/17/2021,,,,0.44
3/16/2021,,,,0.43
3/15/2021,,,,0.38
3/12/2021,,,,0.44
3/11/2021,,,,0.44
3/10/2021,,,,0.42
3/9/2021,,,,0.42
3/8/2021,,,,0.46
3/5/2021,,,,0.6
3/4/2021,,,,0.54
3/3/2021,,,,0.48
3/2/2021,,,,0.44
3/1/2021,,,,0.38
2/26/2021,,,,0.63
2/25/2021,,,,0.47
2/24/2021,,,,0.35
2/23/2021,,,,0.44
2/22/2021,,,,0.43
2/19/2021,,,,0.43
2/18/2021,,,,0.51
2/17/2021,,,,0.39
2/16/2021,,,,0.42
2/12/2021,,,,0.45
2/11/2021,,,,0.38
2/10/2021,,,,0.37
2/9/2021,,,,0.36
2/8/2021,,,,0.39
2/5/2021,,,,0.42
2/4/2021,,,,0.41
2/3/2021,,,,0.43
2/2/2021,,,,0.4
2/1/2021,,,,0.42
1/29/2021,,,,0.58
1/28/2021,,,,0.4
1/27/2021,,,,0.4
1/26/2021,,,,0.4
1/25/2021,,,,0.38
1/22/2021,,,,0.4
1/21/2021,,,,0.4
1/20/2021,,,,0.4
1/19/2021,,,,0.37
1/15/2021,,,,0.45
1/14/2021,,,,0.36
1/13/2021,,,,0.34
1/12/2021,,,,0.34
1/11/2021,,,,0.41
1/8/2021,,,,0.44
1/7/2021,,,,0.38
1/6/2021,,,,0.39
1/5/2021,,,,0.45
1/4/2021,,,,0.47
12/31/2020,,,,0.56
12/30/2020,,,,0.47
12/29/2020,,,,0.45
12/28/2020,,,,0.44
12/24/2020,,,,0.54
12/23/2020,,,,0.41
12/22/2020,,,,0.37
12/21/2020,,,,0.47
12/18/2020,,,,0.46
12/17/2020,,,,0.37
12/16/2020,,,,0.42
12/15/2020,,,,0.43
12/14/2020,,,,0.42
12/11/2020,,,,0.5
12/10/2020,,,,0.4
12/9/2020,,,,0.42
12/8/2020,,,,0.38
12/7/2020,,,,0.37
12/4/2020,,,,0.39
12/3/2020,,,,0.35
12/2/2020,,,,0.4
12/1/2020,,,,0.37
11/30/2020,,,,0.43
11/27/2020,,,,0.41
11/25/2020,,,,0.4
11/24/2020,,,,0.38
11/23/2020,,,,0.42
11/20/2020,,,,0.4
11/19/2020,,,,0.46
11/18/2020,,,,0.42
11/17/2020,,,,0.49
11/16/2020,,,,0.43
11/13/2020,,,,0.5
11/12/2020,,,,0.52
11/11/2020,,,,0.46
11/10/2020,,,,0.52
11/9/2020,,,,0.37
11/6/2020,,,,0.41
11/5/2020,,,,0.44
11/4/2020,,,,0.45
11/3/2020,,,,0.45
11/2/2020,,,,0.62
10/30/2020,,,,0.77
10/29/2020,,,,0.52
10/28/2020,,,,0.65
10/27/2020,,,,0.48
10/26/2020,,,,0.59
10/23/2020,,,,0.53
10/22/2020,,,,0.48
10/21/2020,,,,0.5
10/20/2020,,,,0.52
10/19/2020,,,,0.43
10/16/2020,,,,0.45
10/15/2020,,,,0.46
10/14/2020,,,,0.47
10/13/2020,,,,0.39
10/12/2020,,,,0.41
10/9/2020,,,,0.44
10/8/2020,,,,0.39
10/7/2020,,,,0.42
10/6/2020,,,,0.46
10/5/2020,,,,0.49
10/2/2020,,,,0.54
10/1/2020,,,,0.5
9/30/2020,,,,0.45
9/29/2020,,,,0.49
9/28/2020,,,,0.45
9/25/2020,,,,0.56
9/24/2020,,,,0.63
9/23/2020,,,,0.51
9/22/2020,,,,0.55
9/21/2020,,,,0.49
9/18/2020,,,,0.63
9/17/2020,,,,0.58
9/16/2020,,,,0.51
9/15/2020,,,,0.46
9/14/2020,,,,0.49
9/11/2020,,,,0.67
9/10/2020,,,,0.54
9/9/2020,,,,0.62
9/8/2020,,,,0.57
9/4/2020,,,,0.67
9/3/2020,,,,0.58
9/2/2020,,,,0.4
9/1/2020,,,,0.4
8/31/2020,,,,0.45
8/28/2020,,,,0.42
8/27/2020,,,,0.38
8/26/2020,,,,0.39
8/25/2020,,,,0.42
8/24/2020,,,,0.42
8/21/2020,,,,0.45
8/20/2020,,,,0.46
8/19/2020,,,,0.43
8/18/2020,,,,0.46
8/17/2020,,,,0.49
8/14/2020,,,,0.54
8/13/2020,,,,0.46
8/12/2020,,,,0.47
8/11/2020,,,,0.45
8/10/2020,,,,0.41
8/7/2020,,,,0.51
8/6/2020,,,,0.42
8/5/2020,,,,0.41
8/4/2020,,,,0.42
8/3/2020,,,,0.44
7/31/2020,,,,0.54
7/30/2020,,,,0.55
7/29/2020,,,,0.51
7/28/2020,,,,0.5
7/27/2020,,,,0.44
7/24/2020,,,,0.6
7/23/2020,,,,0.53
7/22/2020,,,,0.49
7/21/2020,,,,0.39
7/20/2020,,,,0.45
7/17/2020,,,,0.46
7/16/2020,,,,0.47
7/15/2020,,,,0.38
7/14/2020,,,,0.43
7/13/2020,,,,0.41
7/10/2020,,,,0.46
7/9/2020,,,,0.44
7/8/2020,,,,0.4
7/7/2020,,,,0.45
7/6/2020,,,,0.42
7/2/2020,,,,0.51
7/1/2020,,,,0.46
6/30/2020,,,,0.52
6/29/2020,,,,0.55
6/26/2020,,,,0.74
6/25/2020,,,,0.54
6/24/2020,,,,0.63
6/23/2020,,,,0.45
6/22/2020,,,,0.47
6/19/2020,,,,0.57
6/18/2020,,,,0.5
6/17/2020,,,,0.51
6/16/2020,,,,0.45
6/15/2020,,,,0.51
6/12/2020,,,,0.71
6/11/2020,,,,0.7
6/10/2020,,,,0.45
6/9/2020,,,,0.4
6/8/2020,,,,0.37
6/5/2020,,,,0.41
6/4/2020,,,,0.43
6/3/2020,,,,0.4
6/2/2020,,,,0.47
6/1/2020,,,,0.46
5/29/2020,,,,0.58
5/28/2020,,,,0.54
5/27/2020,,,,0.51
5/26/2020,,,,0.5
5/22/2020,,,,0.57
5/21/2020,,,,0.55
5/20/2020,,,,0.49
5/19/2020,,,,0.46
5/18/2020,,,,0.47
5/15/2020,,,,0.57
5/14/2020,,,,0.64
5/13/2020,,,,0.72
5/12/2020,,,,0.6
5/11/2020,,,,0.5
5/8/2020,,,,0.53
5/7/2020,,,,0.59
5/6/2020,,,,0.59
5/5/2020,,,,0.59
5/4/2020,,,,0.69
5/1/2020,,,,0.82
4/30/2020,,,,0.68
4/29/2020,,,,0.53
4/28/2020,,,,0.56
4/27/2020,,,,0.58
4/24/2020,,,,0.6
4/23/2020,,,,0.59
4/22/2020,,,,0.66
4/21/2020,,,,0.69
4/20/2020,,,,0.55
4/17/2020,,,,0.6
4/16/2020,,,,0.59
4/15/2020,,,,0.7
4/14/2020,,,,0.58
4/13/2020,,,,0.65
4/9/2020,,,,0.65
4/8/2020,,,,0.65
4/7/2020,,,,0.65
4/6/2020,,,,0.69
4/3/2020,,,,0.83
4/2/2020,,,,0.82
4/1/2020,,,,0.86
3/31/2020,,,,0.7
3/30/2020,,,,0.68
3/27/2020,,,,0.7
3/26/2020,,,,0.58
3/25/2020,,,,0.65
3/24/2020,,,,0.63
3/23/2020,,,,0.62
3/20/2020,,,,0.83
3/19/2020,,,,0.88
3/18/2020,,,,0.98
3/17/2020,,,,0.86
3/16/2020,,,,1.1
3/13/2020,,,,1
3/12/2020,,,,1.28
3/11/2020,,,,1.02
3/10/2020,,,,0.75
3/9/2020,,,,1.12
3/6/2020,,,,0.89
3/5/2020,,,,0.78
3/4/2020,,,,0.64
3/3/2020,,,,0.73
3/2/2020,,,,0.76
2/28/2020,,,,0.85
2/27/2020,,,,0.86
2/26/2020,,,,0.65
2/25/2020,,,,0.8
2/24/2020,,,,0.7
2/21/2020,,,,0.73
2/20/2020,,,,0.51
2/19/2020,,,,0.45
2/18/2020,,,,0.51
2/14/2020,,,,0.58
2/13/2020,,,,0.55
2/12/2020,,,,0.48
2/11/2020,,,,0.45
2/10/2020,,,,0.46
2/7/2020,,,,0.56
2/6/2020,,,,0.47
2/5/2020,,,,0.51
2/4/2020,,,,0.46
2/3/2020,,,,0.5
1/31/2020,,,,0.74
1/30/2020,,,,0.61
1/29/2020,,,,0.5
1/28/2020,,,,0.55
1/27/2020,,,,0.64
1/24/2020,,,,0.7
1/23/2020,,,,0.54
1/22/2020,,,,0.52
1/21/2020,,,,0.59
1/17/2020,,,,0.48
1/16/2020,,,,0.47
1/15/2020,,,,0.44
1/14/2020,,,,0.47
1/13/2020,,,,0.47
1/10/2020,,,,0.52
1/9/2020,,,,0.49
1/8/2020,,,,0.47
1/7/2020,,,,0.44
1/6/2020,,,,0.54
1/3/2020,,,,0.55
1/2/2020,,,,0.54
12/31/2019,,,,0.56
12/30/2019,,,,0.59
12/27/2019,,,,0.6
12/26/2019,,,,0.43
12/24/2019,,,,0.52
12/23/2019,,,,0.54
12/20/2019,,,,0.46
12/19/2019,,,,0.54
12/18/2019,,,,0.49
12/17/2019,,,,0.53
12/16/2019,,,,0.61
12/13/2019,,,,0.55
12/12/2019,,,,0.45
12/11/2019,,,,0.52
12/10/2019,,,,0.76
12/9/2019,,,,0.64
12/6/2019,,,,0.53
12/5/2019,,,,0.65
12/4/2019,,,,0.54
12/3/2019,,,,0.7
12/2/2019,,,,0.66
11/29/2019,,,,0.59
11/27/2019,,,,0.58
11/26/2019,,,,0.57
11/25/2019,,,,0.63
11/22/2019,,,,0.58
11/21/2019,,,,0.59
11/20/2019,,,,0.64
11/19/2019,,,,0.58
11/18/2019,,,,0.55
11/15/2019,,,,0.49
11/14/2019,,,,0.47
11/13/2019,,,,0.58
11/12/2019,,,,0.59
11/11/2019,,,,0.61
11/8/2019,,,,0.59
11/7/2019,,,,0.54
11/6/2019,,,,0.63
11/5/2019,,,,0.58
11/4/2019,,,,0.54
11/1/2019,,,,0.53
10/31/2019,,,,0.71
10/30/2019,,,,0.6
10/29/2019,,,,0.55
10/28/2019,,,,0.51
10/25/2019,,,,0.56
10/24/2019,,,,0.68
10/23/2019,,,,0.69
10/22/2019,,,,0.61
10/21/2019,,,,0.64
10/18/2019,,,,0.99
10/17/2019,,,,0.65
10/16/2019,,,,0.63
10/15/2019,,,,0.61
10/14/2019,,,,0.62
10/11/2019,,,,0.51
10/10/2019,,,,0.62
10/9/2019,,,,0.58
10/8/2019,,,,0.73
10/7/2019,,,,0.94
10/4/2019,,,,0.65
10/3/2019,,,,0.77
10/2/2019,,,,0.84
10/1/2019,,,,0.73
9/30/2019,,,,0.67
9/27/2019,,,,0.72
9/26/2019,,,,0.74
9/25/2019,,,,0.67
9/24/2019,,,,0.7
9/23/2019,,,,0.65
9/20/2019,,,,0.65
9/19/2019,,,,0.67
9/18/2019,,,,0.7
9/17/2019,,,,0.56
9/16/2019,,,,0.68
9/13/2019,,,,0.62
9/12/2019,,,,0.55
9/11/2019,,,,0.54
9/10/2019,,,,0.65
9/9/2019,,,,0.59
9/6/2019,,,,0.56
9/5/2019,,,,0.53
9/4/2019,,,,0.68
9/3/2019,,,,0.73
8/30/2019,,,,0.68
8/29/2019,,,,0.66
8/28/2019,,,,0.64
8/27/2019,,,,0.64
8/26/2019,,,,0.58
8/23/2019,,,,0.88
8/22/2019,,,,0.74
8/21/2019,,,,0.6
8/20/2019,,,,0.69
8/19/2019,,,,0.55
8/16/2019,,,,0.67
8/15/2019,,,,0.98
8/14/2019,,,,0.84
8/13/2019,,,,0.66
8/12/2019,,,,0.78
8/9/2019,,,,0.68
8/8/2019,,,,0.62
8/7/2019,,,,0.78
8/6/2019,,,,0.78
8/5/2019,,,,0.84
8/2/2019,,,,0.87
8/1/2019,,,,0.75
7/31/2019,,,,0.62
7/30/2019,,,,0.73
7/29/2019,,,,0.71
7/26/2019,,,,0.6
7/25/2019,,,,0.68
7/24/2019,,,,0.66
7/23/2019,,,,0.61
7/22/2019,,,,0.71
7/19/2019,,,,0.6
7/18/2019,,,,0.6
7/17/2019,,,,0.67
7/16/2019,,,,0.62
7/15/2019,,,,0.59
7/12/2019,,,,0.55
7/11/2019,,,,0.61
7/10/2019,,,,0.51
7/9/2019,,,,0.58
7/8/2019,,,,0.63
7/5/2019,,,,0.61
7/3/2019,,,,0.64
7/2/2019,,,,0.66
7/1/2019,,,,0.65
6/28/2019,,,,0.55
6/27/2019,,,,0.58
6/26/2019,,,,0.67
6/25/2019,,,,0.63
6/24/2019,,,,0.59
6/21/2019,,,,0.53
6/20/2019,,,,0.52
6/19/2019,,,,0.61
6/18/2019,,,,0.55
6/17/2019,,,,0.72
6/14/2019,,,,0.63
6/13/2019,,,,0.63
6/12/2019,,,,0.77
6/11/2019,,,,0.65
6/10/2019,,,,0.57
6/7/2019,,,,0.51
6/6/2019,,,,0.66
6/5/2019,,,,0.64
6/4/2019,,,,0.67
6/3/2019,,,,0.67
5/31/2019,,,,0.83
5/30/2019,,,,0.64
5/29/2019,,,,0.63
5/28/2019,,,,0.68
5/24/2019,,,,0.76
5/23/2019,,,,0.8
5/22/2019,,,,0.72
5/21/2019,,,,0.57
5/20/2019,,,,0.65
5/17/2019,,,,0.81
5/16/2019,,,,0.66
5/15/2019,,,,0.77
5/14/2019,,,,0.7
5/13/2019,,,,0.79
5/10/2019,,,,0.8
5/9/2019,,,,0.7
5/8/2019,,,,0.66
5/7/2019,,,,0.68
5/6/2019,,,,0.63
5/3/2019,,,,0.52
5/2/2019,,,,0.64
5/1/2019,,,,0.63
4/30/2019,,,,0.65
4/29/2019,,,,0.61
4/26/2019,,,,0.63
4/25/2019,,,,0.57
4/24/2019,,,,0.6
4/23/2019,,,,0.59
4/22/2019,,,,0.6
4/18/2019,,,,0.62
4/17/2019,,,,0.55
4/16/2019,,,,0.58
4/15/2019,,,,0.57
4/12/2019,,,,0.54
4/11/2019,,,,0.67
4/10/2019,,,,0.62
4/9/2019,,,,0.58
4/8/2019,,,,0.68
4/5/2019,,,,0.59
4/4/2019,,,,0.59
4/3/2019,,,,0.52
4/2/2019,,,,0.57
4/1/2019,,,,0.61
3/29/2019,,,,0.65
3/28/2019,,,,0.71
3/27/2019,,,,0.69
3/26/2019,,,,0.65
3/25/2019,,,,0.62
3/22/2019,,,,0.68
3/21/2019,,,,0.51
3/20/2019,,,,0.58
3/19/2019,,,,0.58
3/18/2019,,,,0.52
3/15/2019,,,,0.57
3/14/2019,,,,0.65
3/13/2019,,,,0.52
3/12/2019,,,,0.66
3/11/2019,,,,0.57
3/8/2019,,,,0.75
3/7/2019,,,,0.76
3/6/2019,,,,0.7
3/5/2019,,,,0.67
3/4/2019,,,,0.67
3/1/2019,,,,0.6
2/28/2019,,,,0.63
2/27/2019,,,,0.54
2/26/2019,,,,0.6
2/25/2019,,,,0.55
2/22/2019,,,,0.63
2/21/2019,,,,0.66
2/20/2019,,,,0.54
2/19/2019,,,,0.61
2/15/2019,,,,0.52
2/14/2019,,,,0.6
2/13/2019,,,,0.57
2/12/2019,,,,0.57
2/11/2019,,,,0.6
2/8/2019,,,,0.61
2/7/2019,,,,0.7
2/6/2019,,,,0.64
2/5/2019,,,,0.56
2/4/2019,,,,0.6
2/1/2019,,,,0.6
1/31/2019,,,,0.53
1/30/2019,,,,0.63
1/29/2019,,,,0.68
1/28/2019,,,,0.76
1/25/2019,,,,0.51
1/24/2019,,,,0.72
1/23/2019,,,,0.64
1/22/2019,,,,0.64
1/18/2019,,,,0.54
1/17/2019,,,,0.52
1/16/2019,,,,0.6
1/15/2019,,,,0.7
1/14/2019,,,,0.65
1/11/2019,,,,0.77
1/10/2019,,,,0.65
1/9/2019,,,,0.59
1/8/2019,,,,0.63
1/7/2019,,,,0.6
1/4/2019,,,,0.59
1/3/2019,,,,0.73
1/2/2019,,,,0.67
12/31/2018,,,,0.6
12/28/2018,,,,0.44
12/27/2018,,,,0.73
12/26/2018,,,,0.62
12/24/2018,,,,0.79
12/21/2018,,,,1.13
12/20/2018,,,,0.91
12/19/2018,,,,0.85
12/18/2018,,,,0.69
12/17/2018,,,,0.97
12/14/2018,,,,0.79
12/13/2018,,,,0.75
12/12/2018,,,,0.62
12/11/2018,,,,0.65
12/10/2018,,,,0.7
12/7/2018,,,,0.77
12/6/2018,,,,0.85
12/4/2018,,,,0.69
12/3/2018,,,,0.57
11/30/2018,,,,0.53
11/29/2018,,,,0.57
11/28/2018,,,,0.62
11/27/2018,,,,0.7
11/26/2018,,,,0.64
11/23/2018,,,,0.85
11/21/2018,,,,0.73
11/20/2018,,,,0.82
11/19/2018,,,,0.72
11/16/2018,,,,0.74
11/15/2018,,,,0.73
11/14/2018,,,,0.81
11/13/2018,,,,0.7
11/12/2018,,,,0.73
11/9/2018,,,,0.8
11/8/2018,,,,0.64
11/7/2018,,,,0.59
11/6/2018,,,,0.67
11/5/2018,,,,0.61
11/2/2018,,,,0.68
11/1/2018,,,,0.51
10/31/2018,,,,0.65
10/30/2018,,,,0.69
10/29/2018,,,,0.74
10/26/2018,,,,0.8
10/25/2018,,,,0.66
10/24/2018,,,,0.71
10/23/2018,,,,0.61
10/22/2018,,,,0.57
10/19/2018,,,,0.82
10/18/2018,,,,0.73
10/17/2018,,,,0.68
10/16/2018,,,,0.63
10/15/2018,,,,0.61
10/12/2018,,,,0.67
10/11/2018,,,,0.68
10/10/2018,,,,0.74
10/9/2018,,,,0.62
10/8/2018,,,,0.66
10/5/2018,,,,0.84
10/4/2018,,,,0.72
10/3/2018,,,,0.56
10/2/2018,,,,0.54
10/1/2018,,,,0.57
9/28/2018,,,,0.64
9/27/2018,,,,0.61
9/26/2018,,,,0.59
9/25/2018,,,,0.52
9/24/2018,,,,0.63
9/21/2018,,,,0.57
9/20/2018,,,,0.56
9/19/2018,,,,0.57
9/18/2018,,,,0.55
9/17/2018,,,,0.64
9/14/2018,,,,0.58
9/13/2018,,,,0.5
9/12/2018,,,,0.55
9/11/2018,,,,0.61
9/10/2018,,,,0.62
9/7/2018,,,,0.69
9/6/2018,,,,0.74
9/5/2018,,,,0.62
9/4/2018,,,,0.59
8/31/2018,,,,0.63
8/30/2018,,,,0.58
8/29/2018,,,,0.55
8/28/2018,,,,0.53
8/27/2018,,,,0.53
8/24/2018,,,,0.57
8/23/2018,,,,0.61
8/22/2018,,,,0.6
8/21/2018,,,,0.58
8/20/2018,,,,0.55
8/17/2018,,,,0.7
8/16/2018,,,,0.6
8/15/2018,,,,0.66
8/14/2018,,,,0.66
8/13/2018,,,,0.64
8/10/2018,,,,0.7
8/9/2018,,,,0.62
8/8/2018,,,,0.62
8/7/2018,,,,0.64
8/6/2018,,,,0.62
8/3/2018,,,,0.56
8/2/2018,,,,0.58
8/1/2018,,,,0.67
7/31/2018,,,,0.69
7/30/2018,,,,0.72
7/27/2018,,,,0.67
7/26/2018,,,,0.63
7/25/2018,,,,0.61
7/24/2018,,,,0.63
7/23/2018,,,,0.55
7/20/2018,,,,0.66
7/19/2018,,,,0.62
7/18/2018,,,,0.56
7/17/2018,,,,0.65
7/16/2018,,,,0.7
7/13/2018,,,,0.62
7/12/2018,,,,0.56
7/11/2018,,,,0.59
7/10/2018,,,,0.74
7/9/2018,,,,0.53
7/6/2018,,,,0.57
7/5/2018,,,,0.6
7/3/2018,,,,0.67
7/2/2018,,,,0.58
6/29/2018,,,,0.69
6/28/2018,,,,0.65
6/27/2018,,,,0.67
6/26/2018,,,,0.52
6/25/2018,,,,0.61
6/22/2018,,,,0.56
6/21/2018,,,,0.56
6/20/2018,,,,0.56
6/19/2018,,,,0.59
6/18/2018,,,,0.54
6/15/2018,,,,0.61
6/14/2018,,,,0.5
6/13/2018,,,,0.54
6/12/2018,,,,0.5
6/11/2018,,,,0.54
6/8/2018,,,,0.6
6/7/2018,,,,0.56
6/6/2018,,,,0.53
6/5/2018,,,,0.48
6/4/2018,,,,0.55
6/1/2018,,,,0.56
5/31/2018,,,,0.63
5/30/2018,,,,0.56
5/29/2018,,,,0.65
5/25/2018,,,,0.61
5/24/2018,,,,0.64
5/23/2018,,,,0.65
5/22/2018,,,,0.58
5/21/2018,,,,0.54
5/18/2018,,,,0.66
5/17/2018,,,,0.57
5/16/2018,,,,0.5
5/15/2018,,,,0.62
5/14/2018,,,,0.62
5/11/2018,,,,0.6
5/10/2018,,,,0.51
5/9/2018,,,,0.58
5/8/2018,,,,0.61
5/7/2018,,,,0.54
5/4/2018,,,,0.55
5/3/2018,,,,0.76
5/2/2018,,,,0.65
5/1/2018,,,,0.68
4/30/2018,,,,0.61
4/27/2018,,,,0.64
4/26/2018,,,,0.61
4/25/2018,,,,0.7
4/24/2018,,,,0.68
4/23/2018,,,,0.61
4/20/2018,,,,0.65
4/19/2018,,,,0.64
4/18/2018,,,,0.56
4/17/2018,,,,0.68
4/16/2018,,,,0.64
4/13/2018,,,,0.66
4/12/2018,,,,0.66
4/11/2018,,,,0.65
4/10/2018,,,,0.57
4/9/2018,,,,0.61
4/6/2018,,,,0.76
4/5/2018,,,,0.61
4/4/2018,,,,0.63
4/3/2018,,,,0.65
4/2/2018,,,,0.77
3/29/2018,,,,0.63
3/28/2018,,,,0.68
3/27/2018,,,,0.71
3/26/2018,,,,0.63
3/23/2018,,,,0.76
3/22/2018,,,,0.74
3/21/2018,,,,0.62
3/20/2018,,,,0.68
3/19/2018,,,,0.67
3/16/2018,,,,0.63
3/15/2018,,,,0.63
3/14/2018,,,,0.69
3/13/2018,,,,0.57
3/12/2018,,,,0.57
3/9/2018,,,,0.53
3/8/2018,,,,0.61
3/7/2018,,,,0.58
3/6/2018,,,,0.52
3/5/2018,,,,0.55
3/2/2018,,,,0.71
3/1/2018,,,,0.72
2/28/2018,,,,0.67
2/27/2018,,,,0.63
2/26/2018,,,,0.59
2/23/2018,,,,0.62
2/22/2018,,,,0.63
2/21/2018,,,,0.58
2/20/2018,,,,0.66
2/16/2018,,,,0.52
2/15/2018,,,,0.61
2/14/2018,,,,0.59
2/13/2018,,,,0.73
2/12/2018,,,,0.67
2/9/2018,,,,0.88
2/8/2018,,,,0.75
2/7/2018,,,,0.68
2/6/2018,,,,0.75
2/5/2018,,,,0.73
2/2/2018,,,,0.77
2/1/2018,,,,0.59
1/31/2018,,,,0.59
1/30/2018,,,,0.61
1/29/2018,,,,0.57
1/26/2018,,,,0.49
1/25/2018,,,,0.56
1/24/2018,,,,0.53
1/23/2018,,,,0.52
1/22/2018,,,,0.56
1/19/2018,,,,0.56
1/18/2018,,,,0.56
1/17/2018,,,,0.48
1/16/2018,,,,0.49
1/12/2018,,,,0.5
1/11/2018,,,,0.5
1/10/2018,,,,0.65
1/9/2018,,,,0.6
1/8/2018,,,,0.63
1/5/2018,,,,0.58
1/4/2018,,,,0.5
1/3/2018,,,,0.54
1/2/2018,,,,0.47
12/29/2017,,,,0.59
12/28/2017,,,,0.57
12/27/2017,,,,0.55
12/26/2017,,,,0.58
12/22/2017,,,,0.64
12/21/2017,,,,0.56
12/20/2017,,,,0.56
12/19/2017,,,,0.53
12/18/2017,,,,0.5
12/15/2017,,,,0.57
12/14/2017,,,,0.6
12/13/2017,,,,0.57
12/12/2017,,,,0.51
12/11/2017,,,,0.63
12/8/2017,,,,0.6
12/7/2017,,,,0.58
12/6/2017,,,,0.67
12/5/2017,,,,0.57
12/4/2017,,,,0.56
12/1/2017,,,,0.63
11/30/2017,,,,0.55
11/29/2017,,,,0.52
11/28/2017,,,,0.5
11/27/2017,,,,0.61
11/24/2017,,,,0.62
11/22/2017,,,,0.57
11/21/2017,,,,0.58
11/20/2017,,,,0.59
11/17/2017,,,,0.56
11/16/2017,,,,0.64
11/15/2017,,,,0.74
11/14/2017,,,,0.62
11/13/2017,,,,0.69
11/10/2017,,,,0.66
11/9/2017,,,,0.64
11/8/2017,,,,0.68
11/7/2017,,,,0.64
11/6/2017,,,,0.61
11/3/2017,,,,0.6
11/2/2017,,,,0.63
11/1/2017,,,,0.71
10/31/2017,,,,0.57
10/30/2017,,,,0.69
10/27/2017,,,,0.55
10/26/2017,,,,0.61
10/25/2017,,,,0.71
10/24/2017,,,,0.63
10/23/2017,,,,0.65
10/20/2017,,,,0.6
10/19/2017,,,,0.7
10/18/2017,,,,0.72
10/17/2017,,,,0.66
10/16/2017,,,,0.7
10/13/2017,,,,0.65
10/12/2017,,,,0.7
10/11/2017,,,,0.62
10/10/2017,,,,0.54
10/9/2017,,,,0.73
10/6/2017,,,,0.7
10/5/2017,,,,0.69
10/4/2017,,,,0.58
10/3/2017,,,,0.66
10/2/2017,,,,0.61
9/29/2017,,,,0.59
9/28/2017,,,,0.52
9/27/2017,,,,0.61
9/26/2017,,,,0.69
9/25/2017,,,,0.64
9/22/2017,,,,0.77
9/21/2017,,,,0.66
9/20/2017,,,,0.61
9/19/2017,,,,0.67
9/18/2017,,,,0.61
9/15/2017,,,,0.63
9/14/2017,,,,0.56
9/13/2017,,,,0.55
9/12/2017,,,,0.58
9/11/2017,,,,0.65
9/8/2017,,,,0.73
9/7/2017,,,,0.55
9/6/2017,,,,0.56
9/5/2017,,,,0.67
9/1/2017,,,,0.56
8/31/2017,,,,0.57
8/30/2017,,,,0.57
8/29/2017,,,,0.61
8/28/2017,,,,0.55
8/25/2017,,,,0.69
8/24/2017,,,,0.69
8/23/2017,,,,0.58
8/22/2017,,,,0.55
8/21/2017,,,,0.57
8/18/2017,,,,0.82
8/17/2017,,,,0.78
8/16/2017,,,,0.62
8/15/2017,,,,0.68
8/14/2017,,,,0.59
8/11/2017,,,,0.94
8/10/2017,,,,0.88
8/9/2017,,,,0.83
8/8/2017,,,,0.67
8/7/2017,,,,0.77
8/4/2017,,,,0.66
8/3/2017,,,,0.71
8/2/2017,,,,0.75
8/1/2017,,,,0.64
7/31/2017,,,,0.62
7/28/2017,,,,0.63
7/27/2017,,,,0.71
7/26/2017,,,,0.65
7/25/2017,,,,0.61
7/24/2017,,,,0.68
7/21/2017,,,,0.56
7/20/2017,,,,0.53
7/19/2017,,,,0.56
7/18/2017,,,,0.62
7/17/2017,,,,0.63
7/14/2017,,,,0.53
7/13/2017,,,,0.62
7/12/2017,,,,0.6
7/11/2017,,,,0.69
7/10/2017,,,,0.64
7/7/2017,,,,0.66
7/6/2017,,,,0.65
7/5/2017,,,,0.61
7/3/2017,,,,0.55
6/30/2017,,,,0.67
6/29/2017,,,,0.69
6/28/2017,,,,0.68
6/27/2017,,,,0.6
6/26/2017,,,,0.64
6/23/2017,,,,0.58
6/22/2017,,,,0.5
6/21/2017,,,,0.59
6/20/2017,,,,0.72
6/19/2017,,,,0.58
6/16/2017,,,,0.67
6/15/2017,,,,0.8
6/14/2017,,,,0.67
6/13/2017,,,,0.64
6/12/2017,,,,0.68
6/9/2017,,,,0.72
6/8/2017,,,,0.55
6/7/2017,,,,0.58
6/6/2017,,,,0.59
6/5/2017,,,,0.51
6/2/2017,,,,0.6
6/1/2017,,,,0.66
5/31/2017,,,,0.63
5/30/2017,,,,0.68
5/26/2017,,,,0.64
5/25/2017,,,,0.59
5/24/2017,,,,0.62
5/23/2017,,,,0.6
5/22/2017,,,,0.54
5/19/2017,,,,0.62
5/18/2017,,,,0.7
5/17/2017,,,,0.73
5/16/2017,,,,0.54
5/15/2017,,,,0.55
5/12/2017,,,,0.57
5/11/2017,,,,0.65
5/10/2017,,,,0.62
5/9/2017,,,,0.63
5/8/2017,,,,0.6
5/5/2017,,,,0.64
5/4/2017,,,,0.77
5/3/2017,,,,0.69
5/2/2017,,,,0.61
5/1/2017,,,,0.62
4/28/2017,,,,0.68
4/27/2017,,,,0.72
4/26/2017,,,,0.63
4/25/2017,,,,0.61
4/24/2017,,,,0.61
4/21/2017,,,,0.67
4/20/2017,,,,0.68
4/19/2017,,,,0.7
4/18/2017,,,,0.62
4/17/2017,,,,0.63
4/13/2017,,,,0.96
4/12/2017,,,,0.69
4/11/2017,,,,0.79
4/10/2017,,,,0.62
4/7/2017,,,,0.67
4/6/2017,,,,0.66
4/5/2017,,,,0.61
4/4/2017,,,,0.62
4/3/2017,,,,0.67
3/31/2017,,,,0.56
3/30/2017,,,,0.58
3/29/2017,,,,0.54
3/28/2017,,,,0.6
3/27/2017,,,,0.58
3/24/2017,,,,0.69
3/23/2017,,,,0.67
3/22/2017,,,,0.73
3/21/2017,,,,0.79
3/20/2017,,,,0.64
3/17/2017,,,,0.61
3/16/2017,,,,0.57
3/15/2017,,,,0.61
3/14/2017,,,,0.73
3/13/2017,,,,0.7
3/10/2017,,,,0.57
3/9/2017,,,,0.72
3/8/2017,,,,0.62
3/7/2017,,,,0.54
3/6/2017,,,,0.67
3/3/2017,,,,0.7
3/2/2017,,,,0.56
3/1/2017,,,,0.53
2/28/2017,,,,0.7
2/27/2017,,,,0.63
2/24/2017,,,,0.72
2/23/2017,,,,0.62
2/22/2017,,,,0.6
2/21/2017,,,,0.61
2/17/2017,,,,0.59
2/16/2017,,,,0.54
2/15/2017,,,,0.58
2/14/2017,,,,0.53
2/13/2017,,,,0.61
2/10/2017,,,,0.7
2/9/2017,,,,0.58
2/8/2017,,,,0.69
2/7/2017,,,,0.7
2/6/2017,,,,0.75
2/3/2017,,,,0.68
2/2/2017,,,,0.64
2/1/2017,,,,0.71
1/31/2017,,,,0.7
1/30/2017,,,,0.82
1/27/2017,,,,0.73
1/26/2017,,,,0.65
1/25/2017,,,,0.61
1/24/2017,,,,0.65
1/23/2017,,,,0.72
1/20/2017,,,,0.7
1/19/2017,,,,0.56
1/18/2017,,,,0.67
1/17/2017,,,,0.65
1/13/2017,,,,0.63
1/12/2017,,,,0.68
1/11/2017,,,,0.63
1/10/2017,,,,0.64
1/9/2017,,,,0.62
1/6/2017,,,,0.68
1/5/2017,,,,0.69
1/4/2017,,,,0.64
1/3/2017,,,,0.69
12/30/2016,,,,0.76
12/29/2016,,,,0.62
12/28/2016,,,,0.61
12/27/2016,,,,0.62
12/23/2016,,,,0.66
12/22/2016,,,,0.67
12/21/2016,,,,0.77
12/20/2016,,,,0.63
12/19/2016,,,,0.71
12/16/2016,,,,0.62
12/15/2016,,,,0.59
12/14/2016,,,,0.58
12/13/2016,,,,0.54
12/12/2016,,,,0.57
12/9/2016,,,,0.53
12/8/2016,,,,0.5
12/7/2016,,,,0.46
12/6/2016,,,,0.58
12/5/2016,,,,0.63
12/2/2016,,,,0.67
12/1/2016,,,,0.66
11/30/2016,,,,0.54
11/29/2016,,,,0.62
11/28/2016,,,,0.57
11/25/2016,,,,0.61
11/23/2016,,,,0.6
11/22/2016,,,,0.63
11/21/2016,,,,0.57
11/18/2016,,,,0.68
11/17/2016,,,,0.65
11/16/2016,,,,0.63
11/15/2016,,,,0.51
11/14/2016,,,,0.57
11/11/2016,,,,0.53
11/10/2016,,,,0.6
11/9/2016,,,,0.61
11/8/2016,,,,0.69
11/7/2016,,,,0.68
11/4/2016,,,,0.7
11/3/2016,,,,0.74
11/2/2016,,,,0.99
11/1/2016,,,,0.86
10/31/2016,,,,0.75
10/28/2016,,,,0.78
10/27/2016,,,,0.55
10/26/2016,,,,0.73
10/25/2016,,,,0.69
10/24/2016,,,,0.59
10/21/2016,,,,0.56
10/20/2016,,,,0.53
10/19/2016,,,,0.59
10/18/2016,,,,0.69
10/17/2016,,,,0.62
10/14/2016,,,,0.68
10/13/2016,,,,0.71
10/12/2016,,,,0.64
10/11/2016,,,,0.75
10/10/2016,,,,0.61
10/7/2016,,,,0.68
10/6/2016,,,,0.71
10/5/2016,,,,0.58
10/4/2016,,,,0.51
10/3/2016,,,,0.64
9/30/2016,,,,0.61
9/29/2016,,,,0.74
9/28/2016,,,,0.65
9/27/2016,,,,0.62
9/26/2016,,,,0.73
9/23/2016,,,,0.65
9/22/2016,,,,0.57
9/21/2016,,,,0.63
9/20/2016,,,,0.66
9/19/2016,,,,0.56
9/16/2016,,,,0.65
9/15/2016,,,,0.7
9/14/2016,,,,0.55
9/13/2016,,,,0.75
9/12/2016,,,,0.64
9/9/2016,,,,0.78
9/8/2016,,,,0.61
9/7/2016,,,,0.57
9/6/2016,,,,0.5
9/2/2016,,,,0.61
9/1/2016,,,,0.7
8/31/2016,,,,0.7
8/30/2016,,,,0.63
8/29/2016,,,,0.6
8/26/2016,,,,0.73
8/25/2016,,,,0.75
8/24/2016,,,,0.68
8/23/2016,,,,0.56
8/22/2016,,,,0.63
8/19/2016,,,,0.6
8/18/2016,,,,0.54
8/17/2016,,,,0.59
8/16/2016,,,,0.7
8/15/2016,,,,0.51
8/12/2016,,,,0.55
8/11/2016,,,,0.61
8/10/2016,,,,0.62
8/9/2016,,,,0.61
8/8/2016,,,,0.58
8/5/2016,,,,0.52
8/4/2016,,,,0.65
8/3/2016,,,,0.59
8/2/2016,,,,0.72
8/1/2016,,,,0.72
7/29/2016,,,,0.62
7/28/2016,,,,0.62
7/27/2016,,,,0.66
7/26/2016,,,,0.76
7/25/2016,,,,0.71
7/22/2016,,,,0.59
7/21/2016,,,,0.61
7/20/2016,,,,0.57
7/19/2016,,,,0.67
7/18/2016,,,,0.69
7/15/2016,,,,0.52
7/14/2016,,,,0.53
7/13/2016,,,,0.56
7/12/2016,,,,0.59
7/11/2016,,,,0.58
7/8/2016,,,,0.52
7/7/2016,,,,0.6
7/6/2016,,,,0.76
7/5/2016,,,,0.73
7/1/2016,,,,0.57
6/30/2016,,,,0.65
6/29/2016,,,,0.58
6/28/2016,,,,0.59
6/27/2016,,,,0.81
6/24/2016,,,,1.01
6/23/2016,,,,0.61
6/22/2016,,,,0.77
6/21/2016,,,,0.64
6/20/2016,,,,0.6
6/17/2016,,,,0.63
6/16/2016,,,,0.77
6/15/2016,,,,0.68
6/14/2016,,,,0.79
6/13/2016,,,,0.75
6/10/2016,,,,0.81
6/9/2016,,,,0.72
6/8/2016,,,,0.59
6/7/2016,,,,0.61
6/6/2016,,,,0.59
6/3/2016,,,,0.59
6/2/2016,,,,0.69
6/1/2016,,,,0.55
5/31/2016,,,,0.58
5/27/2016,,,,0.51
5/26/2016,,,,0.55
5/25/2016,,,,0.62
5/24/2016,,,,0.6
5/23/2016,,,,0.65
5/20/2016,,,,0.78
5/19/2016,,,,0.8
5/18/2016,,,,0.75
5/17/2016,,,,0.81
5/16/2016,,,,0.6
5/13/2016,,,,0.84
5/12/2016,,,,0.8
5/11/2016,,,,0.8
5/10/2016,,,,0.91
5/9/2016,,,,0.86
5/6/2016,,,,0.92
5/5/2016,,,,0.8
5/4/2016,,,,0.8
5/3/2016,,,,0.77
5/2/2016,,,,0.74
4/29/2016,,,,0.86
4/28/2016,,,,0.77
4/27/2016,,,,0.55
4/26/2016,,,,0.53
4/25/2016,,,,0.7
4/22/2016,,,,0.61
4/21/2016,,,,0.85
4/20/2016,,,,0.68
4/19/2016,,,,0.67
4/18/2016,,,,0.69
4/15/2016,,,,0.63
4/14/2016,,,,0.68
4/13/2016,,,,0.61
4/12/2016,,,,0.72
4/11/2016,,,,0.65
4/8/2016,,,,0.75
4/7/2016,,,,0.68
4/6/2016,,,,0.61
4/5/2016,,,,0.69
4/4/2016,,,,0.65
4/1/2016,,,,0.63
3/31/2016,,,,0.68
3/30/2016,,,,0.62
3/29/2016,,,,0.61
3/28/2016,,,,0.66
3/24/2016,,,,0.82
3/23/2016,,,,0.84
3/22/2016,,,,0.88
3/21/2016,,,,0.71
3/18/2016,,,,0.55
3/17/2016,,,,0.63
3/16/2016,,,,0.71
3/15/2016,,,,0.85
3/14/2016,,,,0.69
3/11/2016,,,,0.6
3/10/2016,,,,0.74
3/9/2016,,,,0.68
3/8/2016,,,,0.9
3/7/2016,,,,0.67
3/4/2016,,,,0.59
3/3/2016,,,,0.55
3/2/2016,,,,0.64
3/1/2016,,,,0.68
2/29/2016,,,,0.6
2/26/2016,,,,0.64
2/25/2016,,,,0.62
2/24/2016,,,,0.71
2/23/2016,,,,0.71
2/22/2016,,,,0.58
2/19/2016,,,,0.87
2/18/2016,,,,0.75
2/17/2016,,,,0.68
2/16/2016,,,,0.8
2/12/2016,,,,0.71
2/11/2016,,,,0.96
2/10/2016,,,,0.78
2/9/2016,,,,0.76
2/8/2016,,,,0.93
2/5/2016,,,,0.92
2/4/2016,,,,0.75
2/3/2016,,,,0.82
2/2/2016,,,,0.76
2/1/2016,,,,0.63
1/29/2016,,,,0.58
1/28/2016,,,,0.62
1/27/2016,,,,0.71
1/26/2016,,,,0.62
1/25/2016,,,,0.69
1/22/2016,,,,0.64
1/21/2016,,,,0.69
1/20/2016,,,,0.59
1/19/2016,,,,0.62
1/15/2016,,,,1.14
1/14/2016,,,,0.82
1/13/2016,,,,0.91
1/12/2016,,,,0.86
1/11/2016,,,,0.94
1/8/2016,,,,0.93
1/7/2016,,,,0.89
1/6/2016,,,,0.7
1/5/2016,,,,0.65
1/4/2016,,,,0.8
12/31/2015,,,,0.69
12/30/2015,,,,0.59
12/29/2015,,,,0.54
12/28/2015,,,,1.21
12/24/2015,,,,0.57
12/23/2015,,,,0.56
12/22/2015,,,,0.56
12/21/2015,,,,0.64
12/18/2015,,,,0.77
12/17/2015,,,,0.77
12/16/2015,,,,0.54
12/15/2015,,,,0.66
12/14/2015,,,,0.57
12/11/2015,,,,0.92
12/10/2015,,,,0.72
12/9/2015,,,,0.66
12/8/2015,,,,0.96
12/7/2015,,,,0.83
12/4/2015,,,,0.61
12/3/2015,,,,0.9
12/2/2015,,,,0.67
12/1/2015,,,,0.61
11/30/2015,,,,0.65
11/27/2015,,,,0.76
11/25/2015,,,,0.65
11/24/2015,,,,0.67
11/23/2015,,,,0.6
11/20/2015,,,,0.67
11/19/2015,,,,0.79
11/18/2015,,,,0.72
11/17/2015,,,,0.83
11/16/2015,,,,0.71
11/13/2015,,,,0.98
11/12/2015,,,,0.83
11/11/2015,,,,0.59
11/10/2015,,,,0.8
11/9/2015,,,,0.76
11/6/2015,,,,0.66
11/5/2015,,,,0.63
11/4/2015,,,,0.73
11/3/2015,,,,0.71
11/2/2015,,,,0.58
10/30/2015,,,,0.59
10/29/2015,,,,0.56
10/28/2015,,,,0.54
10/27/2015,,,,0.74
10/26/2015,,,,0.72
10/23/2015,,,,0.63
10/22/2015,,,,0.66
10/21/2015,,,,0.83
10/20/2015,,,,0.7
10/19/2015,,,,0.67
10/16/2015,,,,0.61
10/15/2015,,,,0.87
10/14/2015,,,,0.75
10/13/2015,,,,0.8
10/12/2015,,,,0.67
10/9/2015,,,,0.64
10/8/2015,,,,0.7
10/7/2015,,,,0.83
10/6/2015,,,,0.68
10/5/2015,,,,0.62
10/2/2015,,,,0.67
10/1/2015,,,,0.73
9/30/2015,,,,0.7
9/29/2015,,,,0.95
9/28/2015,,,,0.94
9/25/2015,,,,0.74
9/24/2015,,,,0.86
9/23/2015,,,,0.69
9/22/2015,,,,0.8
9/21/2015,,,,0.55
9/18/2015,,,,0.83
9/17/2015,,,,0.74
9/16/2015,,,,0.73
9/15/2015,,,,0.87
9/14/2015,,,,0.91
9/11/2015,,,,0.81
9/10/2015,,,,0.77
9/9/2015,,,,0.71
9/8/2015,,,,0.66
9/4/2015,,,,0.89
9/3/2015,,,,0.68
9/2/2015,,,,0.73
9/1/2015,,,,0.74
8/31/2015,,,,0.66
8/28/2015,,,,0.72
8/27/2015,,,,0.76
8/26/2015,,,,0.85
8/25/2015,,,,0.7
8/24/2015,,,,0.87
8/21/2015,,,,1.04
8/20/2015,,,,0.82
8/19/2015,,,,0.81
8/18/2015,,,,0.66
8/17/2015,,,,0.69
8/14/2015,,,,0.67
8/13/2015,,,,0.74
8/12/2015,,,,0.83
8/11/2015,,,,0.79
8/10/2015,,,,0.66
8/7/2015,,,,0.83
8/6/2015,,,,0.82
8/5/2015,,,,0.77
8/4/2015,,,,0.75
8/3/2015,,,,0.73
7/31/2015,,,,0.68
7/30/2015,,,,0.5
7/29/2015,,,,0.62
7/28/2015,,,,0.62
7/27/2015,,,,0.74
7/24/2015,,,,0.86
7/23/2015,,,,0.78
7/22/2015,,,,0.61
7/21/2015,,,,0.69
7/20/2015,,,,0.56
7/17/2015,,,,0.55
7/16/2015,,,,0.71
7/15/2015,,,,0.68
7/14/2015,,,,0.63
7/13/2015,,,,0.55
7/10/2015,,,,0.67
7/9/2015,,,,0.69
7/8/2015,,,,0.87
7/7/2015,,,,0.78
7/6/2015,,,,0.65
7/2/2015,,,,0.7
7/1/2015,,,,0.62
6/30/2015,,,,0.84
6/29/2015,,,,0.94
6/26/2015,,,,0.74
6/25/2015,,,,0.65
6/24/2015,,,,0.52
6/23/2015,,,,0.61
6/22/2015,,,,0.56
6/19/2015,,,,0.63
6/18/2015,,,,0.64
6/17/2015,,,,0.55
6/16/2015,,,,0.64
6/15/2015,,,,0.66
6/12/2015,,,,0.67
6/11/2015,,,,0.59
6/10/2015,,,,0.46
6/9/2015,,,,0.63
6/8/2015,,,,0.61
6/5/2015,,,,0.61
6/4/2015,,,,0.61
6/3/2015,,,,0.51
6/2/2015,,,,0.54
6/1/2015,,,,0.66
5/29/2015,,,,0.57
5/28/2015,,,,0.71
5/27/2015,,,,0.58
5/26/2015,,,,0.74
5/22/2015,,,,0.64
5/21/2015,,,,0.71
5/20/2015,,,,0.58
5/19/2015,,,,0.59
5/18/2015,,,,0.66
5/15/2015,,,,0.56
5/14/2015,,,,0.6
5/13/2015,,,,0.56
5/12/2015,,,,0.64
5/11/2015,,,,0.61
5/8/2015,,,,0.55
5/7/2015,,,,0.69
5/6/2015,,,,0.73
5/5/2015,,,,0.74
5/4/2015,,,,0.55
5/1/2015,,,,0.61
4/30/2015,,,,0.72
4/29/2015,,,,0.69
4/28/2015,,,,0.64
4/27/2015,,,,0.65
4/24/2015,,,,0.6
4/23/2015,,,,0.66
4/22/2015,,,,0.57
4/21/2015,,,,0.64
4/20/2015,,,,0.56
4/17/2015,,,,0.74
4/16/2015,,,,0.67
4/15/2015,,,,0.59
4/14/2015,,,,0.66
4/13/2015,,,,0.59
4/10/2015,,,,0.54
4/9/2015,,,,0.6
4/8/2015,,,,0.6
4/7/2015,,,,0.59
4/6/2015,,,,0.5
4/2/2015,,,,0.81
4/1/2015,,,,0.76
3/31/2015,,,,0.65
3/30/2015,,,,0.53
3/27/2015,,,,0.79
3/26/2015,,,,0.58
3/25/2015,,,,0.69
3/24/2015,,,,0.7
3/23/2015,,,,0.56
3/20/2015,,,,0.57
3/19/2015,,,,0.59
3/18/2015,,,,0.65
3/17/2015,,,,0.74
3/16/2015,,,,0.69
3/13/2015,,,,0.8
3/12/2015,,,,0.65
3/11/2015,,,,0.67
3/10/2015,,,,0.67
3/9/2015,,,,0.65
3/6/2015,,,,0.67
3/5/2015,,,,0.64
3/4/2015,,,,0.61
3/3/2015,,,,0.66
3/2/2015,,,,0.57
2/27/2015,,,,0.64
2/26/2015,,,,0.65
2/25/2015,,,,0.64
2/24/2015,,,,0.57
2/23/2015,,,,0.62
2/20/2015,,,,0.53
2/19/2015,,,,0.55
2/18/2015,,,,0.58
2/17/2015,,,,0.58
2/13/2015,,,,0.56
2/12/2015,,,,0.55
2/11/2015,,,,0.63
2/10/2015,,,,0.66
2/9/2015,,,,0.75
2/6/2015,,,,0.69
2/5/2015,,,,0.66
2/4/2015,,,,0.59
2/3/2015,,,,0.54
2/2/2015,,,,0.76
1/30/2015,,,,0.68
1/29/2015,,,,0.79
1/28/2015,,,,0.67
1/27/2015,,,,0.76
1/26/2015,,,,0.66
1/23/2015,,,,0.7
1/22/2015,,,,0.58
1/21/2015,,,,0.6
1/20/2015,,,,0.61
1/16/2015,,,,0.68
1/15/2015,,,,0.72
1/14/2015,,,,0.75
1/13/2015,,,,0.66
1/12/2015,,,,0.68
1/9/2015,,,,0.64
1/8/2015,,,,0.54
1/7/2015,,,,0.73
1/6/2015,,,,0.59
1/5/2015,,,,0.79
1/2/2015,,,,0.8
12/31/2014,,,,0.56
12/30/2014,,,,0.66
12/29/2014,,,,0.64
12/26/2014,,,,0.55
12/24/2014,,,,0.6
12/23/2014,,,,0.52
12/22/2014,,,,0.49
12/19/2014,,,,0.59
12/18/2014,,,,0.58
12/17/2014,,,,0.71
12/16/2014,,,,0.74
12/15/2014,,,,0.75
12/12/2014,,,,0.79
12/11/2014,,,,0.72
12/10/2014,,,,0.74
12/9/2014,,,,0.78
12/8/2014,,,,0.62
12/5/2014,,,,0.5
12/4/2014,,,,0.66
12/3/2014,,,,0.65
12/2/2014,,,,0.65
12/1/2014,,,,0.62
11/28/2014,,,,0.65
11/26/2014,,,,0.63
11/25/2014,,,,0.62
11/24/2014,,,,0.54
11/21/2014,,,,0.49
11/20/2014,,,,0.55
11/19/2014,,,,0.6
11/18/2014,,,,0.47
11/17/2014,,,,0.56
11/14/2014,,,,0.53
11/13/2014,,,,0.57
11/12/2014,,,,0.61
11/11/2014,,,,0.64
11/10/2014,,,,0.67
11/7/2014,,,,0.57
11/6/2014,,,,0.69
11/5/2014,,,,0.63
11/4/2014,,,,0.67
11/3/2014,,,,0.61
10/31/2014,,,,0.5
10/30/2014,,,,0.58
10/29/2014,,,,0.72
10/28/2014,,,,0.67
10/27/2014,,,,0.66
10/24/2014,,,,0.63
10/23/2014,,,,0.61
10/22/2014,,,,0.74
10/21/2014,,,,0.6
10/20/2014,,,,0.59
10/17/2014,,,,0.71
10/16/2014,,,,0.64
10/15/2014,,,,0.76
10/14/2014,,,,0.78
10/13/2014,,,,0.91
10/10/2014,,,,0.87
10/9/2014,,,,0.75
10/8/2014,,,,0.66
10/7/2014,,,,0.63
10/6/2014,,,,0.63
10/3/2014,,,,0.54
10/2/2014,,,,0.62
10/1/2014,,,,0.78
9/30/2014,,,,0.65
9/29/2014,,,,0.7
9/26/2014,,,,0.71
9/25/2014,,,,0.77
9/24/2014,,,,0.63
9/23/2014,,,,0.66
9/22/2014,,,,0.69
9/19/2014,,,,0.55
9/18/2014,,,,0.62
9/17/2014,,,,0.58
9/16/2014,,,,0.64
9/15/2014,,,,0.61
9/12/2014,,,,0.58
9/11/2014,,,,0.64
9/10/2014,,,,0.58
9/9/2014,,,,0.59
9/8/2014,,,,0.61
9/5/2014,,,,0.62
9/4/2014,,,,0.65
9/3/2014,,,,0.65
9/2/2014,,,,0.63
8/29/2014,,,,0.56
8/28/2014,,,,0.62
8/27/2014,,,,0.62
8/26/2014,,,,0.53
8/25/2014,,,,0.64
8/22/2014,,,,0.56
8/21/2014,,,,0.51
8/20/2014,,,,0.56
8/19/2014,,,,0.58
8/18/2014,,,,0.5
8/15/2014,,,,0.63
8/14/2014,,,,0.6
8/13/2014,,,,0.65
8/12/2014,,,,0.67
8/11/2014,,,,0.57
8/8/2014,,,,0.65
8/7/2014,,,,0.65
8/6/2014,,,,0.8
8/5/2014,,,,0.74
8/4/2014,,,,0.63
8/1/2014,,,,1.04
7/31/2014,,,,0.64
7/30/2014,,,,0.57
7/29/2014,,,,0.6
7/28/2014,,,,0.59
7/25/2014,,,,0.62
7/24/2014,,,,0.58
7/23/2014,,,,0.59
7/22/2014,,,,0.59
7/21/2014,,,,0.62
7/18/2014,,,,0.56
7/17/2014,,,,0.67
7/16/2014,,,,0.5
7/15/2014,,,,0.58
7/14/2014,,,,0.58
7/11/2014,,,,0.54
7/10/2014,,,,0.67
7/9/2014,,,,0.54
7/8/2014,,,,0.63
7/7/2014,,,,0.61
7/3/2014,,,,0.49
7/2/2014,,,,0.57
7/1/2014,,,,0.51
6/30/2014,,,,0.5
6/27/2014,,,,0.52
6/26/2014,,,,0.58
6/25/2014,,,,0.49
6/24/2014,,,,0.52
6/23/2014,,,,0.54
6/20/2014,,,,0.52
6/19/2014,,,,0.47
6/18/2014,,,,0.38
6/17/2014,,,,0.49
6/16/2014,,,,0.48
6/13/2014,,,,0.56
6/12/2014,,,,0.51
6/11/2014,,,,0.5
6/10/2014,,,,0.52
6/9/2014,,,,0.48
6/6/2014,,,,0.47
6/5/2014,,,,0.5
6/4/2014,,,,0.43
6/3/2014,,,,0.58
6/2/2014,,,,0.62
5/30/2014,,,,0.56
5/29/2014,,,,0.52
5/28/2014,,,,0.56
5/27/2014,,,,0.53
5/23/2014,,,,0.58
5/22/2014,,,,0.71
5/21/2014,,,,0.68
5/20/2014,,,,0.66
5/19/2014,,,,0.54
5/16/2014,,,,0.68
5/15/2014,,,,0.69
5/14/2014,,,,0.72
5/13/2014,,,,0.61
5/12/2014,,,,0.53
5/9/2014,,,,0.72
5/8/2014,,,,0.66
5/7/2014,,,,0.67
5/6/2014,,,,0.68
5/5/2014,,,,0.65
5/2/2014,,,,0.65
5/1/2014,,,,0.56
4/30/2014,,,,0.54
4/29/2014,,,,0.61
4/28/2014,,,,0.69
4/25/2014,,,,0.71
4/24/2014,,,,0.61
4/23/2014,,,,0.69
4/22/2014,,,,0.48
4/21/2014,,,,0.47
4/17/2014,,,,0.57
4/16/2014,,,,0.53
4/15/2014,,,,0.59
4/14/2014,,,,0.61
4/11/2014,,,,0.75
4/10/2014,,,,0.7
4/9/2014,,,,0.45
4/8/2014,,,,0.56
4/7/2014,,,,0.62
4/4/2014,,,,0.65
4/3/2014,,,,0.59
4/2/2014,,,,0.51
4/1/2014,,,,0.47
3/31/2014,,,,0.57
3/28/2014,,,,0.64
3/27/2014,,,,0.57
3/26/2014,,,,0.64
3/25/2014,,,,0.53
3/24/2014,,,,0.66
3/21/2014,,,,0.62
3/20/2014,,,,0.55
3/19/2014,,,,0.53
3/18/2014,,,,0.55
3/17/2014,,,,0.57
3/14/2014,,,,0.69
3/13/2014,,,,0.69
3/12/2014,,,,0.71
3/11/2014,,,,0.58
3/10/2014,,,,0.67
3/7/2014,,,,0.55
3/6/2014,,,,0.53
3/5/2014,,,,0.46
3/4/2014,,,,0.48
3/3/2014,,,,0.62
2/28/2014,,,,0.63
2/27/2014,,,,0.58
2/26/2014,,,,0.57
2/25/2014,,,,0.57
2/24/2014,,,,0.55
2/21/2014,,,,0.55
2/20/2014,,,,0.58
2/19/2014,,,,0.55
2/18/2014,,,,0.61
2/14/2014,,,,0.57
2/13/2014,,,,0.57
2/12/2014,,,,0.64
2/11/2014,,,,0.55
2/10/2014,,,,0.71
2/7/2014,,,,0.68
2/6/2014,,,,0.61
2/5/2014,,,,0.62
2/4/2014,,,,0.6
2/3/2014,,,,0.61
1/31/2014,,,,0.66
1/30/2014,,,,0.54
1/29/2014,,,,0.62
1/28/2014,,,,0.53
1/27/2014,,,,0.53
1/24/2014,,,,0.69
1/23/2014,,,,0.65
1/22/2014,,,,0.52
1/21/2014,,,,0.57
1/17/2014,,,,0.53
1/16/2014,,,,0.57
1/15/2014,,,,0.48
1/14/2014,,,,0.52
1/13/2014,,,,0.61
1/10/2014,,,,0.53
1/9/2014,,,,0.55
1/8/2014,,,,0.5
1/7/2014,,,,0.47
1/6/2014,,,,0.52
1/3/2014,,,,0.54
1/2/2014,,,,0.56
12/31/2013,,,,0.46
12/30/2013,,,,0.49
12/27/2013,,,,0.54
12/26/2013,,,,0.59
12/24/2013,,,,0.46
12/23/2013,,,,0.49
12/20/2013,,,,0.5
12/19/2013,,,,0.52
12/18/2013,,,,0.62
12/17/2013,,,,0.53
12/16/2013,,,,0.5
12/13/2013,,,,0.67
12/12/2013,,,,0.53
12/11/2013,,,,0.62
12/10/2013,,,,0.58
12/9/2013,,,,0.62
12/6/2013,,,,0.53
12/5/2013,,,,0.52
12/4/2013,,,,0.56
12/3/2013,,,,0.61
12/2/2013,,,,0.51
11/29/2013,,,,0.48
11/27/2013,,,,0.6
11/26/2013,,,,0.54
11/25/2013,,,,0.54
11/22/2013,,,,0.6
11/21/2013,,,,0.48
11/20/2013,,,,0.63
11/19/2013,,,,0.69
11/18/2013,,,,0.58
11/15/2013,,,,0.55
11/14/2013,,,,0.59
11/13/2013,,,,0.56
11/12/2013,,,,0.55
11/11/2013,,,,0.52
11/8/2013,,,,0.51
11/7/2013,,,,0.57
11/6/2013,,,,0.58
11/5/2013,,,,0.57
11/4/2013,,,,0.54
11/1/2013,,,,0.61
10/31/2013,,,,0.57
10/30/2013,,,,0.6
10/29/2013,,,,0.52
10/28/2013,,,,0.53
10/25/2013,,,,0.64
10/24/2013,,,,0.6
10/23/2013,,,,0.58
10/22/2013,,,,0.54
10/21/2013,,,,0.53
10/18/2013,,,,0.46
10/17/2013,,,,0.54
10/16/2013,,,,0.54
10/15/2013,,,,0.66
10/14/2013,,,,0.59
10/11/2013,,,,0.6
10/10/2013,,,,0.63
10/9/2013,,,,0.69
10/8/2013,,,,0.72
10/7/2013,,,,0.6
10/4/2013,,,,0.59
10/3/2013,,,,0.69
10/2/2013,,,,0.61
10/1/2013,,,,0.53
9/30/2013,,,,0.76
9/27/2013,,,,0.7
9/26/2013,,,,0.49
9/25/2013,,,,0.62
9/24/2013,,,,0.56
9/23/2013,,,,0.7
9/20/2013,,,,0.6
9/19/2013,,,,0.57
9/18/2013,,,,0.53
9/17/2013,,,,0.57
9/16/2013,,,,0.57
9/13/2013,,,,0.6
9/12/2013,,,,0.63
9/11/2013,,,,0.61
9/10/2013,,,,0.48
9/9/2013,,,,0.45
9/6/2013,,,,0.5
9/5/2013,,,,0.52
9/4/2013,,,,0.54
9/3/2013,,,,0.54
8/30/2013,,,,0.67
8/29/2013,,,,0.6
8/28/2013,,,,0.55
8/27/2013,,,,0.68
8/26/2013,,,,0.61
8/23/2013,,,,0.6
8/22/2013,,,,0.55
8/21/2013,,,,0.64
8/20/2013,,,,0.61
8/19/2013,,,,0.54
8/16/2013,,,,0.6
8/15/2013,,,,0.66
8/14/2013,,,,0.53
8/13/2013,,,,0.49
8/12/2013,,,,0.55
8/9/2013,,,,0.58
8/8/2013,,,,0.58
8/7/2013,,,,0.63
8/6/2013,,,,0.63
8/5/2013,,,,0.59
8/2/2013,,,,0.58
8/1/2013,,,,0.55
7/31/2013,,,,0.6
7/30/2013,,,,0.56
7/29/2013,,,,0.6
7/26/2013,,,,0.64
7/25/2013,,,,0.59
7/24/2013,,,,0.65
7/23/2013,,,,0.66
7/22/2013,,,,0.67
7/19/2013,,,,0.54
7/18/2013,,,,0.5
7/17/2013,,,,0.62
7/16/2013,,,,0.64
7/15/2013,,,,0.53
7/12/2013,,,,0.67
7/11/2013,,,,0.57
7/10/2013,,,,0.57
7/9/2013,,,,0.54
7/8/2013,,,,0.69
7/5/2013,,,,0.6
7/3/2013,,,,0.76
7/2/2013,,,,0.65
7/1/2013,,,,0.6
6/28/2013,,,,0.66
6/27/2013,,,,0.71
6/26/2013,,,,0.67
6/25/2013,,,,0.59
6/24/2013,,,,0.65
6/21/2013,,,,0.82
6/20/2013,,,,0.79
6/19/2013,,,,0.66
6/18/2013,,,,0.54
6/17/2013,,,,0.65
6/14/2013,,,,0.73
6/13/2013,,,,0.63
6/12/2013,,,,0.75
6/11/2013,,,,0.81
6/10/2013,,,,0.59
6/7/2013,,,,0.67
6/6/2013,,,,0.63
6/5/2013,,,,0.73
6/4/2013,,,,0.67
6/3/2013,,,,0.63
5/31/2013,,,,0.66
5/30/2013,,,,0.48
5/29/2013,,,,0.64
5/28/2013,,,,0.58
5/24/2013,,,,0.73
5/23/2013,,,,0.67
5/22/2013,,,,0.67
5/21/2013,,,,0.54
5/20/2013,,,,0.52
5/17/2013,,,,0.5
5/16/2013,,,,0.54
5/15/2013,,,,0.52
5/14/2013,,,,0.52
5/13/2013,,,,0.6
5/10/2013,,,,0.59
5/9/2013,,,,0.58
5/8/2013,,,,0.66
5/7/2013,,,,0.63
5/6/2013,,,,0.53
5/3/2013,,,,0.61
5/2/2013,,,,0.55
5/1/2013,,,,0.68
4/30/2013,,,,0.62
4/29/2013,,,,0.58
4/26/2013,,,,0.65
4/25/2013,,,,0.61
4/24/2013,,,,0.58
4/23/2013,,,,0.66
4/22/2013,,,,0.66
4/19/2013,,,,0.85
4/18/2013,,,,0.75
4/17/2013,,,,0.79
4/16/2013,,,,0.7
4/15/2013,,,,0.7
4/12/2013,,,,0.7
4/11/2013,,,,0.62
4/10/2013,,,,0.58
4/9/2013,,,,0.6
4/8/2013,,,,0.58
4/5/2013,,,,0.7
4/4/2013,,,,0.73
4/3/2013,,,,0.76
4/2/2013,,,,0.64
4/1/2013,,,,0.7
3/28/2013,,,,0.62
3/27/2013,,,,0.68
3/26/2013,,,,0.62
3/25/2013,,,,0.72
3/22/2013,,,,0.69
3/21/2013,,,,0.64
3/20/2013,,,,0.59
3/19/2013,,,,0.72
3/18/2013,,,,0.65
3/15/2013,,,,0.56
3/14/2013,,,,0.64
3/13/2013,,,,0.62
3/12/2013,,,,0.61
3/11/2013,,,,0.65
3/8/2013,,,,0.62
3/7/2013,,,,0.59
3/6/2013,,,,0.54
3/5/2013,,,,0.65
3/4/2013,,,,0.67
3/1/2013,,,,0.74
2/28/2013,,,,0.67
2/27/2013,,,,0.63
2/26/2013,,,,0.75
2/25/2013,,,,0.73
2/22/2013,,,,0.59
2/21/2013,,,,0.72
2/20/2013,,,,0.72
2/19/2013,,,,0.58
2/15/2013,,,,0.59
2/14/2013,,,,0.62
2/13/2013,,,,0.65
2/12/2013,,,,0.61
2/11/2013,,,,0.56
2/8/2013,,,,0.57
2/7/2013,,,,0.66
2/6/2013,,,,0.6
2/5/2013,,,,0.59
2/4/2013,,,,0.69
2/1/2013,,,,0.57
1/31/2013,,,,0.73
1/30/2013,,,,0.67
1/29/2013,,,,0.68
1/28/2013,,,,0.76
1/25/2013,,,,0.64
1/24/2013,,,,0.65
1/23/2013,,,,0.69
1/22/2013,,,,0.68
1/18/2013,,,,0.54
1/17/2013,,,,0.61
1/16/2013,,,,0.75
1/15/2013,,,,0.67
1/14/2013,,,,0.52
1/11/2013,,,,0.63
1/10/2013,,,,0.66
1/9/2013,,,,0.61
1/8/2013,,,,0.78
1/7/2013,,,,0.68
1/4/2013,,,,0.64
1/3/2013,,,,0.53
1/2/2013,,,,0.55
12/31/2012,,,,0.62
12/28/2012,,,,0.64
12/27/2012,,,,0.68
12/26/2012,,,,0.74
12/24/2012,,,,0.65
12/21/2012,,,,0.71
12/20/2012,,,,0.64
12/19/2012,,,,0.64
12/18/2012,,,,0.51
12/17/2012,,,,0.6
12/14/2012,,,,0.7
12/13/2012,,,,0.61
12/12/2012,,,,0.61
12/11/2012,,,,0.59
12/10/2012,,,,0.62
12/7/2012,,,,0.64
12/6/2012,,,,0.67
12/5/2012,,,,0.6
12/4/2012,,,,0.81
12/3/2012,,,,0.57
11/30/2012,,,,0.73
11/29/2012,,,,0.62
11/28/2012,,,,0.6
11/27/2012,,,,0.58
11/26/2012,,,,0.64
11/23/2012,,,,0.59
11/21/2012,,,,0.61
11/20/2012,,,,0.67
11/19/2012,,,,0.56
11/16/2012,,,,0.81
11/15/2012,,,,0.83
11/14/2012,,,,0.78
11/13/2012,,,,0.72
11/12/2012,,,,0.65
11/9/2012,,,,0.82
11/8/2012,,,,0.8
11/7/2012,,,,0.76
11/6/2012,,,,0.63
11/5/2012,,,,0.61
11/2/2012,,,,0.77
11/1/2012,,,,0.6
10/31/2012,,,,0.68
10/26/2012,,,,0.77
10/25/2012,,,,0.76
10/24/2012,,,,0.71
10/23/2012,,,,0.86
10/22/2012,,,,0.67
10/19/2012,,,,0.8
10/18/2012,,,,0.65
10/17/2012,,,,0.59
10/16/2012,,,,0.61
10/15/2012,,,,0.73
10/12/2012,,,,0.74
10/11/2012,,,,0.65
10/10/2012,,,,0.71
10/9/2012,,,,0.73
10/8/2012,,,,0.55
10/5/2012,,,,0.67
10/4/2012,,,,0.58
10/3/2012,,,,0.71
10/2/2012,,,,0.55
10/1/2012,,,,0.63
9/28/2012,,,,0.76
9/27/2012,,,,0.6
9/26/2012,,,,0.75
9/25/2012,,,,0.73
9/24/2012,,,,0.61
9/21/2012,,,,0.62
9/20/2012,,,,0.75
9/19/2012,,,,0.56
9/18/2012,,,,0.62
9/17/2012,,,,0.64
9/14/2012,,,,0.53
9/13/2012,,,,0.54
9/12/2012,,,,0.57
9/11/2012,,,,0.54
9/10/2012,,,,0.66
9/7/2012,,,,0.54
9/6/2012,,,,0.59
9/5/2012,,,,0.67
9/4/2012,,,,0.75
8/31/2012,,,,0.67
8/30/2012,,,,0.84
8/29/2012,,,,0.79
8/28/2012,,,,0.61
8/27/2012,,,,0.69
8/24/2012,,,,0.68
8/23/2012,,,,0.74
8/22/2012,,,,0.65
8/21/2012,,,,0.67
8/20/2012,,,,0.62
8/17/2012,,,,0.54
8/16/2012,,,,0.69
8/15/2012,,,,0.62
8/14/2012,,,,0.66
8/13/2012,,,,0.56
8/10/2012,,,,0.7
8/9/2012,,,,0.62
8/8/2012,,,,0.58
8/7/2012,,,,0.55
8/6/2012,,,,0.63
8/3/2012,,,,0.6
8/2/2012,,,,0.78
8/1/2012,,,,0.72
7/31/2012,,,,0.68
7/30/2012,,,,0.66
7/27/2012,,,,0.64
7/26/2012,,,,0.71
7/25/2012,,,,0.71
7/24/2012,,,,0.66
7/23/2012,,,,0.7
7/20/2012,,,,0.75
7/19/2012,,,,0.68
7/18/2012,,,,0.66
7/17/2012,,,,0.67
7/16/2012,,,,0.67
7/13/2012,,,,0.64
7/12/2012,,,,0.7
7/11/2012,,,,0.81
7/10/2012,,,,0.72
7/9/2012,,,,0.78
7/6/2012,,,,0.75
7/5/2012,,,,0.64
7/3/2012,,,,0.65
7/2/2012,,,,0.72
6/29/2012,,,,0.69
6/28/2012,,,,0.75
6/27/2012,,,,0.65
6/26/2012,,,,0.73
6/25/2012,,,,0.78
6/22/2012,,,,0.61
6/21/2012,,,,0.8
6/20/2012,,,,0.65
6/19/2012,,,,0.59
6/18/2012,,,,0.57
6/15/2012,,,,0.69
6/14/2012,,,,0.83
6/13/2012,,,,0.92
6/12/2012,,,,0.72
6/11/2012,,,,0.81
6/8/2012,,,,0.78
6/7/2012,,,,0.64
6/6/2012,,,,0.66
6/5/2012,,,,0.69
6/4/2012,,,,0.78
6/1/2012,,,,0.79
5/31/2012,,,,0.79
5/30/2012,,,,0.77
5/29/2012,,,,0.66
5/25/2012,,,,0.66
5/24/2012,,,,0.74
5/23/2012,,,,0.73
5/22/2012,,,,0.63
5/21/2012,,,,0.54
5/18/2012,,,,0.99
5/17/2012,,,,0.88
5/16/2012,,,,0.88
5/15/2012,,,,0.81
5/14/2012,,,,0.84
5/11/2012,,,,0.74
5/10/2012,,,,0.68
5/9/2012,,,,0.67
5/8/2012,,,,0.74
5/7/2012,,,,0.65
5/4/2012,,,,0.71
5/3/2012,,,,0.75
5/2/2012,,,,0.74
5/1/2012,,,,0.53
4/30/2012,,,,0.64
4/27/2012,,,,0.6
4/26/2012,,,,0.62
4/25/2012,,,,0.48
4/24/2012,,,,0.66
4/23/2012,,,,0.59
4/20/2012,,,,0.63
4/19/2012,,,,0.65
4/18/2012,,,,0.59
4/17/2012,,,,0.57
4/16/2012,,,,0.7
4/13/2012,,,,0.72
4/12/2012,,,,0.51
4/11/2012,,,,0.65
4/10/2012,,,,0.67
4/9/2012,,,,0.69
4/5/2012,,,,0.6
4/4/2012,,,,0.66
4/3/2012,,,,0.57
4/2/2012,,,,0.52
3/30/2012,,,,0.59
3/29/2012,,,,0.67
3/28/2012,,,,0.71
3/27/2012,,,,0.55
3/26/2012,,,,0.72
3/23/2012,,,,0.61
3/22/2012,,,,0.68
3/21/2012,,,,0.55
3/20/2012,,,,0.52
3/19/2012,,,,0.5
3/16/2012,,,,0.46
3/15/2012,,,,0.52
3/14/2012,,,,0.54
3/13/2012,,,,0.59
3/12/2012,,,,0.7
3/9/2012,,,,0.63
3/8/2012,,,,0.61
3/7/2012,,,,0.62
3/6/2012,,,,0.78
3/5/2012,,,,0.73
3/2/2012,,,,0.6
3/1/2012,,,,0.64
2/29/2012,,,,0.67
2/28/2012,,,,0.57
2/27/2012,,,,0.64
2/24/2012,,,,0.69
2/23/2012,,,,0.67
2/22/2012,,,,0.63
2/21/2012,,,,0.61
2/17/2012,,,,0.51
2/16/2012,,,,0.62
2/15/2012,,,,0.63
2/14/2012,,,,0.6
2/13/2012,,,,0.53
2/10/2012,,,,0.75
2/9/2012,,,,0.55
2/8/2012,,,,0.54
2/7/2012,,,,0.58
2/6/2012,,,,0.55
2/3/2012,,,,0.51
2/2/2012,,,,0.62
2/1/2012,,,,0.61
1/31/2012,,,,0.61
1/30/2012,,,,0.67
1/27/2012,,,,0.6
1/26/2012,,,,0.65
1/25/2012,,,,0.57
1/24/2012,,,,0.62
1/23/2012,,,,0.64
1/20/2012,,,,0.52
1/19/2012,,,,0.48
1/18/2012,,,,0.55
1/17/2012,,,,0.59
1/13/2012,,,,0.6
1/12/2012,,,,0.57
1/11/2012,,,,0.54
1/10/2012,,,,0.57
1/9/2012,,,,0.66
1/6/2012,,,,0.62
1/5/2012,,,,0.61
1/4/2012,,,,0.74
1/3/2012,,,,0.55
12/30/2011,,,,0.54
12/29/2011,,,,0.69
12/28/2011,,,,0.68
12/27/2011,,,,0.71
12/23/2011,,,,0.63
12/22/2011,,,,0.68
12/21/2011,,,,0.72
12/20/2011,,,,0.53
12/19/2011,,,,0.61
12/16/2011,,,,0.89
12/15/2011,,,,0.9
12/14/2011,,,,0.82
12/13/2011,,,,0.78
12/12/2011,,,,0.6
12/9/2011,,,,0.7
12/8/2011,,,,0.76
12/7/2011,,,,0.73
12/6/2011,,,,0.73
12/5/2011,,,,0.67
12/2/2011,,,,0.58
12/1/2011,,,,0.63
11/30/2011,,,,0.55
11/29/2011,,,,0.61
11/28/2011,,,,0.65
11/25/2011,,,,0.75
11/23/2011,,,,0.71
11/22/2011,,,,0.67
11/21/2011,,,,0.66
11/18/2011,,,,0.9
11/17/2011,,,,0.82
11/16/2011,,,,0.74
11/15/2011,,,,0.71
11/14/2011,,,,0.77
11/11/2011,,,,0.64
11/10/2011,,,,0.75
11/9/2011,,,,0.91
11/8/2011,,,,0.65
11/7/2011,,,,0.65
11/4/2011,,,,0.79
11/3/2011,,,,0.63
11/2/2011,,,,0.68
11/1/2011,,,,0.89
10/31/2011,,,,0.77
10/28/2011,,,,0.55
10/27/2011,,,,0.5
10/26/2011,,,,0.7
10/25/2011,,,,0.79
10/24/2011,,,,0.52
10/21/2011,,,,0.5
10/20/2011,,,,0.74
10/19/2011,,,,0.71
10/18/2011,,,,0.62
10/17/2011,,,,0.71
10/14/2011,,,,0.6
10/13/2011,,,,0.71
10/12/2011,,,,0.64
10/11/2011,,,,0.77
10/10/2011,,,,0.63
10/7/2011,,,,0.71
10/6/2011,,,,0.67
10/5/2011,,,,0.69
10/4/2011,,,,0.77
10/3/2011,,,,0.85
9/30/2011,,,,0.81
9/29/2011,,,,0.8
9/28/2011,,,,0.82
9/27/2011,,,,0.61
9/26/2011,,,,0.59
9/23/2011,,,,0.65
9/22/2011,,,,0.85
9/21/2011,,,,0.79
9/20/2011,,,,0.63
9/19/2011,,,,0.62
9/16/2011,,,,0.67
9/15/2011,,,,0.68
9/14/2011,,,,0.64
9/13/2011,,,,0.71
9/12/2011,,,,0.72
9/9/2011,,,,0.86
9/8/2011,,,,0.71
9/7/2011,,,,0.62
9/6/2011,,,,0.75
9/2/2011,,,,0.84
9/1/2011,,,,0.69
8/31/2011,,,,0.65
8/30/2011,,,,0.72
8/29/2011,,,,0.54
8/26/2011,,,,0.73
8/25/2011,,,,0.77
8/24/2011,,,,0.66
8/23/2011,,,,0.67
8/22/2011,,,,0.73
8/19/2011,,,,1.03
8/18/2011,,,,0.96
8/17/2011,,,,0.8
8/16/2011,,,,0.74
8/15/2011,,,,0.68
8/12/2011,,,,0.75
8/11/2011,,,,0.62
8/10/2011,,,,0.81
8/9/2011,,,,0.85
8/8/2011,,,,1.07
8/5/2011,,,,0.94
8/4/2011,,,,0.96
8/3/2011,,,,0.77
8/2/2011,,,,0.68
8/1/2011,,,,0.76
7/29/2011,,,,0.77
7/28/2011,,,,0.68
7/27/2011,,,,0.66
7/26/2011,,,,0.58
7/25/2011,,,,0.6
7/22/2011,,,,0.6
7/21/2011,,,,0.56
7/20/2011,,,,0.61
7/19/2011,,,,0.51
7/18/2011,,,,0.68
7/15/2011,,,,0.64
7/14/2011,,,,0.78
7/13/2011,,,,0.67
7/12/2011,,,,0.67
7/11/2011,,,,0.74
7/8/2011,,,,0.58
7/7/2011,,,,0.56
7/6/2011,,,,0.71
7/5/2011,,,,0.64
7/1/2011,,,,0.55
6/30/2011,,,,0.54
6/29/2011,,,,0.56
6/28/2011,,,,0.59
6/27/2011,,,,0.62
6/24/2011,,,,0.7
6/23/2011,,,,0.65
6/22/2011,,,,0.53
6/21/2011,,,,0.59
6/20/2011,,,,0.57
6/17/2011,,,,1.09
6/16/2011,,,,1.03
6/15/2011,,,,1.09
6/14/2011,,,,0.65
6/13/2011,,,,0.73
6/10/2011,,,,1.01
6/9/2011,,,,0.77
6/8/2011,,,,0.95
6/7/2011,,,,0.74
6/6/2011,,,,0.8
6/3/2011,,,,0.71
6/2/2011,,,,0.71
6/1/2011,,,,0.76
5/31/2011,,,,0.54
5/27/2011,,,,0.51
5/26/2011,,,,0.6
5/25/2011,,,,0.51
5/24/2011,,,,0.61
5/23/2011,,,,0.69
5/20/2011,,,,0.75
5/19/2011,,,,0.7
5/18/2011,,,,0.68
5/17/2011,,,,0.75
5/16/2011,,,,0.61
5/13/2011,,,,0.73
5/12/2011,,,,0.67
5/11/2011,,,,0.67
5/10/2011,,,,0.58
5/9/2011,,,,0.63
5/6/2011,,,,0.62
5/5/2011,,,,0.65
5/4/2011,,,,0.72
5/3/2011,,,,0.61
5/2/2011,,,,0.5
4/29/2011,,,,0.59
4/28/2011,,,,0.54
4/27/2011,,,,0.59
4/26/2011,,,,0.57
4/25/2011,,,,0.57
4/21/2011,,,,0.62
4/20/2011,,,,0.51
4/19/2011,,,,0.64
4/18/2011,,,,0.6
4/15/2011,,,,0.63
4/14/2011,,,,0.69
4/13/2011,,,,0.65
4/12/2011,,,,0.58
4/11/2011,,,,0.62
4/8/2011,,,,0.58
4/7/2011,,,,0.53
4/6/2011,,,,0.55
4/5/2011,,,,0.56
4/4/2011,,,,0.59
4/1/2011,,,,0.51
3/31/2011,,,,0.56
3/30/2011,,,,0.54
3/29/2011,,,,0.52
3/28/2011,,,,0.56
3/25/2011,,,,0.53
3/24/2011,,,,0.55
3/23/2011,,,,0.59
3/22/2011,,,,0.55
3/21/2011,,,,0.49
3/18/2011,,,,0.67
3/17/2011,,,,0.71
3/16/2011,,,,0.79
3/15/2011,,,,0.71
3/14/2011,,,,0.67
3/11/2011,,,,0.62
3/10/2011,,,,0.73
3/9/2011,,,,0.6
3/8/2011,,,,0.54
3/7/2011,,,,0.64
3/4/2011,,,,0.57
3/3/2011,,,,0.55
3/2/2011,,,,0.55
3/1/2011,,,,0.64
2/28/2011,,,,0.53
2/25/2011,,,,0.49
2/24/2011,,,,0.71
2/23/2011,,,,0.72
2/22/2011,,,,0.68
2/18/2011,,,,0.61
2/17/2011,,,,0.5
2/16/2011,,,,0.58
2/15/2011,,,,0.53
2/14/2011,,,,0.51
2/11/2011,,,,0.51
2/10/2011,,,,0.55
2/9/2011,,,,0.52
2/8/2011,,,,0.52
2/7/2011,,,,0.46
2/4/2011,,,,0.64
2/3/2011,,,,0.58
2/2/2011,,,,0.45
2/1/2011,,,,0.49
1/31/2011,,,,0.61
1/28/2011,,,,0.65
1/27/2011,,,,0.56
1/26/2011,,,,0.58
1/25/2011,,,,0.63
1/24/2011,,,,0.51
1/21/2011,,,,0.55
1/20/2011,,,,0.67
1/19/2011,,,,0.47
1/18/2011,,,,0.44
1/14/2011,,,,0.37
1/13/2011,,,,0.5
1/12/2011,,,,0.45
1/11/2011,,,,0.53
1/10/2011,,,,0.54
1/7/2011,,,,0.5
1/6/2011,,,,0.46
1/5/2011,,,,0.48
1/4/2011,,,,0.43
1/3/2011,,,,0.4
12/31/2010,,,,0.7
12/30/2010,,,,0.51
12/29/2010,,,,0.52
12/28/2010,,,,0.55
12/27/2010,,,,0.53
12/23/2010,,,,0.52
12/22/2010,,,,0.47
12/21/2010,,,,0.5
12/20/2010,,,,0.58
12/17/2010,,,,0.49
12/16/2010,,,,0.5
12/15/2010,,,,0.51
12/14/2010,,,,0.5
12/13/2010,,,,0.35
12/10/2010,,,,0.42
12/9/2010,,,,0.43
12/8/2010,,,,0.47
12/7/2010,,,,0.45
12/6/2010,,,,0.49
12/3/2010,,,,0.5
12/2/2010,,,,0.45
12/1/2010,,,,0.45
11/30/2010,,,,0.57
11/29/2010,,,,0.7
11/26/2010,,,,0.64
11/24/2010,,,,0.53
11/23/2010,,,,0.7
11/22/2010,,,,0.56
11/19/2010,,,,0.56
11/18/2010,,,,0.53
11/17/2010,,,,0.56
11/16/2010,,,,0.66
11/15/2010,,,,0.55
11/12/2010,,,,0.63
11/11/2010,,,,0.55
11/10/2010,,,,0.47
11/9/2010,,,,0.56
11/8/2010,,,,0.5
11/5/2010,,,,0.41
11/4/2010,,,,0.44
11/3/2010,,,,0.52
11/2/2010,,,,0.54
11/1/2010,,,,0.63
10/29/2010,,,,0.54
10/28/2010,,,,0.6
10/27/2010,,,,0.62
10/26/2010,,,,0.6
10/25/2010,,,,0.63
10/22/2010,,,,0.68
10/21/2010,,,,0.72
10/20/2010,,,,0.66
10/19/2010,,,,0.74
10/18/2010,,,,0.56
10/15/2010,,,,0.56
10/14/2010,,,,0.57
10/13/2010,,,,0.45
10/12/2010,,,,0.51
10/11/2010,,,,0.57
10/8/2010,,,,0.55
10/7/2010,,,,0.66
10/6/2010,,,,0.58
10/5/2010,,,,0.54
10/4/2010,,,,0.59
10/1/2010,,,,0.54
9/30/2010,,,,0.52
9/29/2010,,,,0.54
9/28/2010,,,,0.59
9/27/2010,,,,0.57
9/24/2010,,,,0.53
9/23/2010,,,,0.63
9/22/2010,,,,0.73
9/21/2010,,,,0.6
9/20/2010,,,,0.48
9/17/2010,,,,0.59
9/16/2010,,,,0.58
9/15/2010,,,,0.56
9/14/2010,,,,0.59
9/13/2010,,,,0.52
9/10/2010,,,,0.66
9/9/2010,,,,0.6
9/8/2010,,,,0.54
9/7/2010,,,,0.61
9/3/2010,,,,0.56
9/2/2010,,,,0.55
9/1/2010,,,,0.48
8/31/2010,,,,0.74
8/30/2010,,,,0.58
8/27/2010,,,,0.56
8/26/2010,,,,0.62
8/25/2010,,,,0.61
8/24/2010,,,,0.73
8/23/2010,,,,0.4
8/20/2010,,,,0.73
8/19/2010,,,,0.71
8/18/2010,,,,0.67
8/17/2010,,,,0.62
8/16/2010,,,,0.7
8/13/2010,,,,0.66
8/12/2010,,,,0.61
8/11/2010,,,,0.75
8/10/2010,,,,0.63
8/9/2010,,,,0.56
8/6/2010,,,,0.58
8/5/2010,,,,0.61
8/4/2010,,,,0.56
8/3/2010,,,,0.6
8/2/2010,,,,0.56
7/30/2010,,,,0.61
7/29/2010,,,,0.65
7/28/2010,,,,0.7
7/27/2010,,,,0.52
7/26/2010,,,,0.53
7/23/2010,,,,0.55
7/22/2010,,,,0.52
7/21/2010,,,,0.63
7/20/2010,,,,0.51
7/19/2010,,,,0.51
7/16/2010,,,,0.74
7/15/2010,,,,0.61
7/14/2010,,,,0.56
7/13/2010,,,,0.49
7/12/2010,,,,0.61
7/9/2010,,,,0.58
7/8/2010,,,,0.56
7/7/2010,,,,0.52
7/6/2010,,,,0.61
7/2/2010,,,,0.6
7/1/2010,,,,0.75
6/30/2010,,,,0.62
6/29/2010,,,,0.8
6/28/2010,,,,0.66
6/25/2010,,,,0.63
6/24/2010,,,,0.82
6/23/2010,,,,0.71
6/22/2010,,,,0.63
6/21/2010,,,,0.54
6/18/2010,,,,0.62
6/17/2010,,,,0.71
6/16/2010,,,,0.66
6/15/2010,,,,0.56
6/14/2010,,,,0.7
6/11/2010,,,,0.7
6/10/2010,,,,0.66
6/9/2010,,,,0.74
6/8/2010,,,,0.7
6/7/2010,,,,0.6
6/4/2010,,,,0.6
6/3/2010,,,,0.59
6/2/2010,,,,0.63
6/1/2010,,,,0.61
5/28/2010,,,,0.58
5/27/2010,,,,0.5
5/26/2010,,,,0.53
5/25/2010,,,,0.66
5/24/2010,,,,0.62
5/21/2010,,,,0.87
5/20/2010,,,,0.91
5/19/2010,,,,0.82
5/18/2010,,,,0.64
5/17/2010,,,,0.7
5/14/2010,,,,0.73
5/13/2010,,,,0.56
5/12/2010,,,,0.51
5/11/2010,,,,0.69
5/10/2010,,,,0.62
5/7/2010,,,,0.8
5/6/2010,,,,0.72
5/5/2010,,,,0.7
5/4/2010,,,,0.68
5/3/2010,,,,0.53
4/30/2010,,,,0.61
4/29/2010,,,,0.49
4/28/2010,,,,0.53
4/27/2010,,,,0.57
4/26/2010,,,,0.42
4/23/2010,,,,0.48
4/22/2010,,,,0.51
4/21/2010,,,,0.52
4/20/2010,,,,0.51
4/19/2010,,,,0.5
4/16/2010,,,,0.52
4/15/2010,,,,0.36
4/14/2010,,,,0.32
4/13/2010,,,,0.48
4/12/2010,,,,0.4
4/9/2010,,,,0.48
4/8/2010,,,,0.46
4/7/2010,,,,0.57
4/6/2010,,,,0.44
4/5/2010,,,,0.43
4/1/2010,,,,0.51
3/31/2010,,,,0.51
3/30/2010,,,,0.53
3/29/2010,,,,0.64
3/26/2010,,,,0.65
3/25/2010,,,,0.49
3/24/2010,,,,0.64
3/23/2010,,,,0.58
3/22/2010,,,,0.53
3/19/2010,,,,0.6
3/18/2010,,,,0.53
3/17/2010,,,,0.49
3/16/2010,,,,0.52
3/15/2010,,,,0.56
3/12/2010,,,,0.51
3/11/2010,,,,0.53
3/10/2010,,,,0.52
3/9/2010,,,,0.46
3/8/2010,,,,0.51
3/5/2010,,,,0.52
3/4/2010,,,,0.66
3/3/2010,,,,0.65
3/2/2010,,,,0.6
3/1/2010,,,,0.58
2/26/2010,,,,0.68
2/25/2010,,,,0.81
2/24/2010,,,,0.67
2/23/2010,,,,0.78
2/22/2010,,,,0.6
2/19/2010,,,,0.66
2/18/2010,,,,0.67
2/17/2010,,,,0.61
2/16/2010,,,,0.63
2/12/2010,,,,0.61
2/11/2010,,,,0.73
2/10/2010,,,,0.63
2/9/2010,,,,0.71
2/8/2010,,,,0.7
2/5/2010,,,,0.78
2/4/2010,,,,0.78
2/3/2010,,,,0.64
2/2/2010,,,,0.58
2/1/2010,,,,0.58
1/29/2010,,,,0.73
1/28/2010,,,,0.65
1/27/2010,,,,0.67
1/26/2010,,,,0.65
1/25/2010,,,,0.64
1/22/2010,,,,0.75
1/21/2010,,,,0.7
1/20/2010,,,,0.66
1/19/2010,,,,0.56
1/15/2010,,,,0.58
1/14/2010,,,,0.53
1/13/2010,,,,0.55
1/12/2010,,,,0.58
1/11/2010,,,,0.46
1/8/2010,,,,0.46
1/7/2010,,,,0.48
1/6/2010,,,,0.5
1/5/2010,,,,0.55
1/4/2010,,,,0.48
12/31/2009,,,,0.59
12/30/2009,,,,0.59
12/29/2009,,,,0.59
12/28/2009,,,,0.53
12/24/2009,,,,0.49
12/23/2009,,,,0.59
12/22/2009,,,,0.65
12/21/2009,,,,0.5
12/18/2009,,,,0.67
12/17/2009,,,,0.67
12/16/2009,,,,0.65
12/15/2009,,,,0.58
12/14/2009,,,,0.61
12/11/2009,,,,0.6
12/10/2009,,,,0.6
12/9/2009,,,,0.56
12/8/2009,,,,0.63
12/7/2009,,,,0.65
12/4/2009,,,,0.66
12/3/2009,,,,0.61
12/2/2009,,,,0.55
12/1/2009,,,,0.56
11/30/2009,,,,0.77
11/27/2009,,,,0.77
11/25/2009,,,,0.61
11/24/2009,,,,0.64
11/23/2009,,,,0.55
11/20/2009,,,,0.66
11/19/2009,,,,0.73
11/18/2009,,,,0.59
11/17/2009,,,,0.66
11/16/2009,,,,0.56
11/13/2009,,,,0.62
11/12/2009,,,,0.58
11/11/2009,,,,0.51
11/10/2009,,,,0.57
11/9/2009,,,,0.53
11/6/2009,,,,0.64
11/5/2009,,,,0.64
11/4/2009,,,,0.57
11/3/2009,,,,0.69
11/2/2009,,,,0.79
10/30/2009,,,,0.8
10/29/2009,,,,0.53
10/28/2009,,,,0.69
10/27/2009,,,,0.62
10/26/2009,,,,0.65
10/23/2009,,,,0.64
10/22/2009,,,,0.6
10/21/2009,,,,0.55
10/20/2009,,,,0.67
10/19/2009,,,,0.61
10/16/2009,,,,0.54
10/15/2009,,,,0.46
10/14/2009,,,,0.47
10/13/2009,,,,0.56
10/12/2009,,,,0.56
10/9/2009,,,,0.55
10/8/2009,,,,0.53
10/7/2009,,,,0.51
10/6/2009,,,,0.48
10/5/2009,,,,0.56
10/2/2009,,,,0.85
10/1/2009,,,,0.73
9/30/2009,,,,0.73
9/29/2009,,,,0.61
9/28/2009,,,,0.6
9/25/2009,,,,0.58
9/24/2009,,,,0.71
9/23/2009,,,,0.6
9/22/2009,,,,0.55
9/21/2009,,,,0.64
9/18/2009,,,,0.56
9/17/2009,,,,0.53
9/16/2009,,,,0.46
9/15/2009,,,,0.56
9/14/2009,,,,0.55
9/11/2009,,,,0.61
9/10/2009,,,,0.61
9/9/2009,,,,0.54
9/8/2009,,,,0.59
9/4/2009,,,,0.59
9/3/2009,,,,0.6
9/2/2009,,,,0.69
9/1/2009,,,,0.69
8/31/2009,,,,0.63
8/28/2009,,,,0.58
8/27/2009,,,,0.59
8/26/2009,,,,0.64
8/25/2009,,,,0.59
8/24/2009,,,,0.52
8/21/2009,,,,0.39
8/20/2009,,,,0.5
8/19/2009,,,,0.62
8/18/2009,,,,0.63
8/17/2009,,,,0.71
8/14/2009,,,,0.59
8/13/2009,,,,0.51
8/12/2009,,,,0.6
8/11/2009,,,,0.64
8/10/2009,,,,0.56
8/7/2009,,,,0.49
8/6/2009,,,,0.66
8/5/2009,,,,0.52
8/4/2009,,,,0.58
8/3/2009,,,,0.62
7/31/2009,,,,0.65
7/30/2009,,,,0.51
7/29/2009,,,,0.62
7/28/2009,,,,0.64
7/27/2009,,,,0.54
7/24/2009,,,,0.78
7/23/2009,,,,0.66
7/22/2009,,,,0.68
7/21/2009,,,,0.61
7/20/2009,,,,0.6
7/17/2009,,,,0.57
7/16/2009,,,,0.61
7/15/2009,,,,0.61
7/14/2009,,,,0.77
7/13/2009,,,,0.69
7/10/2009,,,,0.77
7/9/2009,,,,0.79
7/8/2009,,,,0.86
7/7/2009,,,,0.86
7/6/2009,,,,0.73
7/2/2009,,,,0.72
7/1/2009,,,,0.73
6/30/2009,,,,0.83
6/29/2009,,,,0.72
6/26/2009,,,,0.71
6/25/2009,,,,0.75
6/24/2009,,,,0.62
6/23/2009,,,,0.77
6/22/2009,,,,0.72
6/19/2009,,,,0.65
6/18/2009,,,,0.77
6/17/2009,,,,0.89
6/16/2009,,,,0.8
6/15/2009,,,,0.6
6/12/2009,,,,0.65
6/11/2009,,,,0.55
6/10/2009,,,,0.72
6/9/2009,,,,0.66
6/8/2009,,,,0.75
6/5/2009,,,,0.6
6/4/2009,,,,0.63
6/3/2009,,,,0.76
6/2/2009,,,,0.63
6/1/2009,,,,0.56
5/29/2009,,,,0.63
5/28/2009,,,,0.61
5/27/2009,,,,0.71
5/26/2009,,,,0.54
5/22/2009,,,,0.63
5/21/2009,,,,0.8
5/20/2009,,,,0.63
5/19/2009,,,,0.62
5/18/2009,,,,0.55
5/15/2009,,,,0.63
5/14/2009,,,,0.62
5/13/2009,,,,0.67
5/12/2009,,,,0.67
5/11/2009,,,,0.63
5/8/2009,,,,0.62
5/7/2009,,,,0.67
5/6/2009,,,,0.59
5/5/2009,,,,0.59
5/4/2009,,,,0.54
5/1/2009,,,,0.61
4/30/2009,,,,0.64
4/29/2009,,,,0.63
4/28/2009,,,,0.73
4/27/2009,,,,0.65
4/24/2009,,,,0.67
4/23/2009,,,,0.73
4/22/2009,,,,0.64
4/21/2009,,,,0.67
4/20/2009,,,,0.79
4/17/2009,,,,0.55
4/16/2009,,,,0.6
4/15/2009,,,,0.61
4/14/2009,,,,0.57
4/13/2009,,,,0.51
4/9/2009,,,,0.56
4/8/2009,,,,0.66
4/7/2009,,,,0.8
4/6/2009,,,,0.68
4/3/2009,,,,0.67
4/2/2009,,,,0.59
4/1/2009,,,,0.71
3/31/2009,,,,0.66
3/30/2009,,,,0.77
3/27/2009,,,,0.74
3/26/2009,,,,0.67
3/25/2009,,,,0.64
3/24/2009,,,,0.62
3/23/2009,,,,0.52
3/20/2009,,,,0.73
3/19/2009,,,,0.57
3/18/2009,,,,0.54
3/17/2009,,,,0.66
3/16/2009,,,,0.69
3/13/2009,,,,0.61
3/12/2009,,,,0.61
3/11/2009,,,,0.66
3/10/2009,,,,0.57
3/9/2009,,,,0.61
3/6/2009,,,,0.83
3/5/2009,,,,0.9
3/4/2009,,,,0.84
3/3/2009,,,,0.79
3/2/2009,,,,0.86
2/27/2009,,,,0.69
2/26/2009,,,,0.66
2/25/2009,,,,0.65
2/24/2009,,,,0.64
2/23/2009,,,,0.8
2/20/2009,,,,0.83
2/19/2009,,,,0.95
2/18/2009,,,,0.89
2/17/2009,,,,0.95
2/13/2009,,,,0.74
2/12/2009,,,,0.89
2/11/2009,,,,0.81
2/10/2009,,,,0.76
2/9/2009,,,,0.63
2/6/2009,,,,0.59
2/5/2009,,,,0.73
2/4/2009,,,,0.78
2/3/2009,,,,0.77
2/2/2009,,,,0.75
1/30/2009,,,,0.87
1/29/2009,,,,0.89
1/28/2009,,,,0.62
1/27/2009,,,,0.68
1/26/2009,,,,0.66
1/23/2009,,,,0.68
1/22/2009,,,,0.76
1/21/2009,,,,0.8
1/20/2009,,,,0.9
1/16/2009,,,,0.82
1/15/2009,,,,1
1/14/2009,,,,0.98
1/13/2009,,,,0.92
1/12/2009,,,,0.99
1/9/2009,,,,0.87
1/8/2009,,,,0.89
1/7/2009,,,,1
1/6/2009,,,,0.73
1/5/2009,,,,0.67
1/2/2009,,,,0.66
12/31/2008,,,,0.61
12/30/2008,,,,0.62
12/29/2008,,,,0.62
12/26/2008,,,,0.65
12/24/2008,,,,0.65
12/23/2008,,,,0.48
12/22/2008,,,,0.68
12/19/2008,,,,0.69
12/18/2008,,,,0.81
12/17/2008,,,,0.64
12/16/2008,,,,0.72
12/15/2008,,,,0.88
12/12/2008,,,,0.92
12/11/2008,,,,0.84
12/10/2008,,,,0.77
12/9/2008,,,,0.74
12/8/2008,,,,0.73
12/5/2008,,,,0.62
12/4/2008,,,,0.81
12/3/2008,,,,0.74
12/2/2008,,,,0.75
12/1/2008,,,,0.89
11/28/2008,,,,0.72
11/26/2008,,,,0.64
11/25/2008,,,,0.7
11/24/2008,,,,0.57
11/21/2008,,,,1.13
11/20/2008,,,,1.05
11/19/2008,,,,1.16
11/18/2008,,,,0.94
11/17/2008,,,,0.86
11/14/2008,,,,0.83
11/13/2008,,,,0.93
11/12/2008,,,,0.98
11/11/2008,,,,0.96
11/10/2008,,,,0.93
11/7/2008,,,,0.76
11/6/2008,,,,1.02
11/5/2008,,,,0.81
11/4/2008,,,,0.71
11/3/2008,,,,0.75
10/31/2008,,,,0.75
10/30/2008,,,,0.69
10/29/2008,,,,0.59
10/28/2008,,,,0.68
10/27/2008,,,,0.82
10/24/2008,,,,0.98
10/23/2008,,,,0.92
10/22/2008,,,,0.9
10/21/2008,,,,0.77
10/20/2008,,,,0.63
10/17/2008,,,,0.82
10/16/2008,,,,0.94
10/15/2008,,,,0.91
10/14/2008,,,,0.81
10/13/2008,,,,0.69
10/10/2008,,,,1.02
10/9/2008,,,,1.06
10/8/2008,,,,0.9
10/7/2008,,,,0.95
10/6/2008,,,,0.96
10/3/2008,,,,0.73
10/2/2008,,,,0.92
10/1/2008,,,,0.79
9/30/2008,,,,0.73
9/29/2008,,,,0.79
9/26/2008,,,,0.82
9/25/2008,,,,0.63
9/24/2008,,,,0.71
9/23/2008,,,,0.76
9/22/2008,,,,0.73
9/19/2008,,,,0.51
9/18/2008,,,,0.81
9/17/2008,,,,0.98
9/16/2008,,,,0.94
9/15/2008,,,,1.18
9/12/2008,,,,0.9
9/11/2008,,,,0.83
9/10/2008,,,,0.85
9/9/2008,,,,1
9/8/2008,,,,0.77
9/5/2008,,,,0.78
9/4/2008,,,,0.79
9/3/2008,,,,0.68
9/2/2008,,,,0.69
8/29/2008,,,,0.71
8/28/2008,,,,0.72
8/27/2008,,,,0.69
8/26/2008,,,,0.8
8/25/2008,,,,0.71
8/22/2008,,,,0.59
8/21/2008,,,,0.65
8/20/2008,,,,0.7
8/19/2008,,,,0.88
8/18/2008,,,,0.76
8/15/2008,,,,0.65
8/14/2008,,,,0.7
8/13/2008,,,,0.72
8/12/2008,,,,0.73
8/11/2008,,,,0.68
8/8/2008,,,,0.59
8/7/2008,,,,0.83
8/6/2008,,,,0.73
8/5/2008,,,,0.63
8/4/2008,,,,0.72
8/1/2008,,,,0.86
7/31/2008,,,,0.73
7/30/2008,,,,0.72
7/29/2008,,,,0.68
7/28/2008,,,,0.8
7/25/2008,,,,0.73
7/24/2008,,,,0.82
7/23/2008,,,,0.65
7/22/2008,,,,0.77
7/21/2008,,,,0.7
7/18/2008,,,,0.72
7/17/2008,,,,0.74
7/16/2008,,,,0.78
7/15/2008,,,,0.94
7/14/2008,,,,0.93
7/11/2008,,,,0.91
7/10/2008,,,,0.93
7/9/2008,,,,0.84
7/8/2008,,,,0.74
7/7/2008,,,,0.9
7/3/2008,,,,0.85
7/2/2008,,,,0.71
7/1/2008,,,,0.8
6/30/2008,,,,0.77
6/27/2008,,,,0.81
6/26/2008,,,,0.79
6/25/2008,,,,0.71
6/24/2008,,,,0.7
6/23/2008,,,,0.65
6/20/2008,,,,0.92
6/19/2008,,,,0.76
6/18/2008,,,,0.86
6/17/2008,,,,0.75
6/16/2008,,,,0.81
6/13/2008,,,,0.76
6/12/2008,,,,0.77
6/11/2008,,,,0.85
6/10/2008,,,,0.81
6/9/2008,,,,0.78
6/6/2008,,,,0.76
6/5/2008,,,,0.64
6/4/2008,,,,0.76
6/3/2008,,,,0.8
6/2/2008,,,,0.76
5/30/2008,,,,0.59
5/29/2008,,,,0.67
5/28/2008,,,,0.62
5/27/2008,,,,0.66
5/23/2008,,,,0.72
5/22/2008,,,,0.63
5/21/2008,,,,0.79
5/20/2008,,,,0.7
5/19/2008,,,,0.56
5/16/2008,,,,0.59
5/15/2008,,,,0.59
5/14/2008,,,,0.62
5/13/2008,,,,0.6
5/12/2008,,,,0.66
5/9/2008,,,,0.7
5/8/2008,,,,0.6
5/7/2008,,,,0.66
5/6/2008,,,,0.57
5/5/2008,,,,0.66
5/2/2008,,,,0.62
5/1/2008,,,,0.58
4/30/2008,,,,0.66
4/29/2008,,,,0.83
4/28/2008,,,,0.66
4/25/2008,,,,0.73
4/24/2008,,,,0.67
4/23/2008,,,,0.7
4/22/2008,,,,0.66
4/21/2008,,,,0.6
4/18/2008,,,,0.59
4/17/2008,,,,0.75
4/16/2008,,,,0.72
4/15/2008,,,,0.94
4/14/2008,,,,0.85
4/11/2008,,,,0.9
4/10/2008,,,,0.79
4/9/2008,,,,0.9
4/8/2008,,,,0.9
4/7/2008,,,,0.74
4/4/2008,,,,0.82
4/3/2008,,,,0.82
4/2/2008,,,,0.78
4/1/2008,,,,0.81
3/31/2008,,,,0.85
3/28/2008,,,,0.86
3/27/2008,,,,0.85
3/26/2008,,,,0.77
3/25/2008,,,,0.77
3/24/2008,,,,0.63
3/20/2008,,,,0.81
3/19/2008,,,,0.9
3/18/2008,,,,0.78
3/17/2008,,,,1.34
3/14/2008,,,,1.16
3/13/2008,,,,0.82
3/12/2008,,,,0.84
3/11/2008,,,,0.89
3/10/2008,,,,1
3/7/2008,,,,0.92
3/6/2008,,,,1.12
3/5/2008,,,,0.68
3/4/2008,,,,0.96
3/3/2008,,,,0.79
2/29/2008,,,,0.84
2/28/2008,,,,0.96
2/27/2008,,,,0.74
2/26/2008,,,,0.8
2/25/2008,,,,0.65
2/22/2008,,,,0.84
2/21/2008,,,,0.69
2/20/2008,,,,0.7
2/19/2008,,,,0.67
2/15/2008,,,,0.78
2/14/2008,,,,0.74
2/13/2008,,,,0.75
2/12/2008,,,,0.78
2/11/2008,,,,0.68
2/8/2008,,,,0.79
2/7/2008,,,,0.88
2/6/2008,,,,0.8
2/5/2008,,,,0.94
2/4/2008,,,,0.68
2/1/2008,,,,0.56
1/31/2008,,,,0.7
1/30/2008,,,,0.62
1/29/2008,,,,0.65
1/28/2008,,,,0.64
1/25/2008,,,,0.67
1/24/2008,,,,0.59
1/23/2008,,,,0.75
1/22/2008,,,,0.73
1/18/2008,,,,0.99
1/17/2008,,,,0.99
1/16/2008,,,,0.87
1/15/2008,,,,1.05
1/14/2008,,,,0.7
1/11/2008,,,,0.71
1/10/2008,,,,0.69
1/9/2008,,,,0.75
1/8/2008,,,,0.97
1/7/2008,,,,0.78
1/4/2008,,,,0.61
1/3/2008,,,,0.71
1/2/2008,,,,0.78
12/31/2007,,,,0.67
12/28/2007,,,,0.56
12/27/2007,,,,0.6
12/26/2007,,,,0.66
12/24/2007,,,,0.72
12/21/2007,,,,0.64
12/20/2007,,,,0.42
12/19/2007,,,,0.71
12/18/2007,,,,0.77
12/17/2007,,,,0.64
12/14/2007,,,,0.62
12/13/2007,,,,0.74
12/12/2007,,,,0.68
12/11/2007,,,,0.79
12/10/2007,,,,0.68
12/7/2007,,,,0.6
12/6/2007,,,,0.55
12/5/2007,,,,0.63
12/4/2007,,,,0.87
12/3/2007,,,,0.62
11/30/2007,,,,0.68
11/29/2007,,,,0.59
11/28/2007,,,,0.57
11/27/2007,,,,0.55
11/26/2007,,,,0.7
11/23/2007,,,,0.54
11/21/2007,,,,0.82
11/20/2007,,,,0.79
11/19/2007,,,,0.66
11/16/2007,,,,0.99
11/15/2007,,,,0.8
11/14/2007,,,,0.62
11/13/2007,,,,0.85
11/12/2007,,,,0.59
11/9/2007,,,,0.72
11/8/2007,,,,0.83
11/7/2007,,,,0.67
11/6/2007,,,,0.71
11/5/2007,,,,0.67
11/2/2007,,,,0.7
11/1/2007,,,,0.68
10/31/2007,,,,0.45
10/30/2007,,,,0.84
10/29/2007,,,,0.57
10/26/2007,,,,0.53
10/25/2007,,,,0.76
10/24/2007,,,,0.73
10/23/2007,,,,0.64
10/22/2007,,,,0.66
10/19/2007,,,,0.73
10/18/2007,,,,0.52
10/17/2007,,,,0.67
10/16/2007,,,,0.75
10/15/2007,,,,0.53
10/12/2007,,,,0.56
10/11/2007,,,,0.6
10/10/2007,,,,0.56
10/9/2007,,,,0.61
10/8/2007,,,,0.52
10/5/2007,,,,0.56
10/4/2007,,,,0.5
10/3/2007,,,,0.58
10/2/2007,,,,0.66
10/1/2007,,,,0.57
9/28/2007,,,,0.78
9/27/2007,,,,0.58
9/26/2007,,,,0.6
9/25/2007,,,,0.75
9/24/2007,,,,0.61
9/21/2007,,,,0.53
9/20/2007,,,,0.56
9/19/2007,,,,0.58
9/18/2007,,,,0.69
9/17/2007,,,,0.65
9/14/2007,,,,0.63
9/13/2007,,,,0.61
9/12/2007,,,,0.58
9/11/2007,,,,0.84
9/10/2007,,,,0.78
9/7/2007,,,,0.77
9/6/2007,,,,0.62
9/5/2007,,,,0.72
9/4/2007,,,,0.67
8/31/2007,,,,0.65
8/30/2007,,,,0.65
8/29/2007,,,,0.68
8/28/2007,,,,0.87
8/27/2007,,,,0.68
8/24/2007,,,,0.68
8/23/2007,,,,0.71
8/22/2007,,,,0.62
8/21/2007,,,,0.62
8/20/2007,,,,0.61
8/17/2007,,,,0.74
8/16/2007,,,,1.01
8/15/2007,,,,1.05
8/14/2007,,,,1.06
8/13/2007,,,,0.71
8/10/2007,,,,0.6
8/9/2007,,,,0.65
8/8/2007,,,,0.61
8/7/2007,,,,0.69
8/6/2007,,,,0.84
8/3/2007,,,,0.8
8/2/2007,,,,0.77
8/1/2007,,,,0.87
7/31/2007,,,,0.72
7/30/2007,,,,0.71
7/27/2007,,,,0.77
7/26/2007,,,,0.85
7/25/2007,,,,0.64
7/24/2007,,,,0.79
7/23/2007,,,,0.54
7/20/2007,,,,0.69
7/19/2007,,,,0.54
7/18/2007,,,,0.73
7/17/2007,,,,0.6
7/16/2007,,,,0.54
7/13/2007,,,,0.5
7/12/2007,,,,0.48
7/11/2007,,,,0.57
7/10/2007,,,,0.59
7/9/2007,,,,0.52
7/6/2007,,,,0.53
7/5/2007,,,,0.55
7/3/2007,,,,0.59
7/2/2007,,,,0.54
6/29/2007,,,,0.65
6/28/2007,,,,0.59
6/27/2007,,,,0.65
6/26/2007,,,,0.71
6/25/2007,,,,0.76
6/22/2007,,,,0.62
6/21/2007,,,,0.61
6/20/2007,,,,0.63
6/19/2007,,,,0.62
6/18/2007,,,,0.58
6/15/2007,,,,0.48
6/14/2007,,,,0.53
6/13/2007,,,,0.58
6/12/2007,,,,0.66
6/11/2007,,,,0.71
6/8/2007,,,,0.6
6/7/2007,,,,0.72
6/6/2007,,,,0.62
6/5/2007,,,,0.63
6/4/2007,,,,0.52
6/1/2007,,,,0.5
5/31/2007,,,,0.51
5/30/2007,,,,0.65
5/29/2007,,,,0.58
5/25/2007,,,,0.55
5/24/2007,,,,0.67
5/23/2007,,,,0.67
5/22/2007,,,,0.6
5/21/2007,,,,0.55
5/18/2007,,,,0.51
5/17/2007,,,,0.49
5/16/2007,,,,0.7
5/15/2007,,,,0.63
5/14/2007,,,,0.51
5/11/2007,,,,0.62
5/10/2007,,,,0.68
5/9/2007,,,,0.53
5/8/2007,,,,0.6
5/7/2007,,,,0.45
5/4/2007,,,,0.54
5/3/2007,,,,0.66
5/2/2007,,,,0.56
5/1/2007,,,,0.73
4/30/2007,,,,0.64
4/27/2007,,,,0.58
4/26/2007,,,,0.6
4/25/2007,,,,0.6
4/24/2007,,,,0.73
4/23/2007,,,,0.58
4/20/2007,,,,0.5
4/19/2007,,,,0.62
4/18/2007,,,,0.54
4/17/2007,,,,0.67
4/16/2007,,,,0.56
4/13/2007,,,,0.67
4/12/2007,,,,0.73
4/11/2007,,,,0.69
4/10/2007,,,,0.69
4/9/2007,,,,0.61
4/5/2007,,,,0.55
4/4/2007,,,,0.74
4/3/2007,,,,0.66
4/2/2007,,,,0.63
3/30/2007,,,,0.67
3/29/2007,,,,0.76
3/28/2007,,,,0.89
3/27/2007,,,,0.62
3/26/2007,,,,0.69
3/23/2007,,,,0.65
3/22/2007,,,,0.61
3/21/2007,,,,0.66
3/20/2007,,,,0.73
3/19/2007,,,,0.61
3/16/2007,,,,0.84
3/15/2007,,,,0.79
3/14/2007,,,,0.89
3/13/2007,,,,0.98
3/12/2007,,,,0.75
3/9/2007,,,,0.82
3/8/2007,,,,0.77
3/7/2007,,,,0.7
3/6/2007,,,,0.77
3/5/2007,,,,0.96
3/2/2007,,,,0.8
3/1/2007,,,,0.8
2/28/2007,,,,0.73
2/27/2007,,,,0.87
2/26/2007,,,,0.75
2/23/2007,,,,0.73
2/22/2007,,,,0.66
2/21/2007,,,,0.71
2/20/2007,,,,0.65
2/16/2007,,,,0.55
2/15/2007,,,,0.54
2/14/2007,,,,0.67
2/13/2007,,,,0.74
2/12/2007,,,,0.78
2/9/2007,,,,0.68
2/8/2007,,,,0.57
2/7/2007,,,,0.65
2/6/2007,,,,0.55
2/5/2007,,,,0.57
2/2/2007,,,,0.7
2/1/2007,,,,0.57
1/31/2007,,,,0.56
1/30/2007,,,,0.68
1/29/2007,,,,0.6
1/26/2007,,,,0.66
1/25/2007,,,,0.71
1/24/2007,,,,0.58
1/23/2007,,,,0.65
1/22/2007,,,,0.62
1/19/2007,,,,0.55
1/18/2007,,,,0.6
1/17/2007,,,,0.55
1/16/2007,,,,0.56
1/12/2007,,,,0.56
1/11/2007,,,,0.54
1/10/2007,,,,0.58
1/9/2007,,,,0.67
1/8/2007,,,,0.71
1/5/2007,,,,0.59
1/4/2007,,,,0.51
1/3/2007,,,,0.59
12/29/2006,,,,0.54
12/28/2006,,,,0.73
12/27/2006,,,,0.68
12/26/2006,,,,0.62
12/22/2006,,,,0.66
12/21/2006,,,,0.45
12/20/2006,,,,0.54
12/19/2006,,,,0.67
12/18/2006,,,,0.59
12/15/2006,,,,0.5
12/14/2006,,,,0.45
12/13/2006,,,,0.57
12/12/2006,,,,0.7
12/11/2006,,,,0.57
12/8/2006,,,,0.55
12/7/2006,,,,0.69
12/6/2006,,,,0.54
12/5/2006,,,,0.57
12/4/2006,,,,0.64
12/1/2006,,,,0.59
11/30/2006,,,,0.58
11/29/2006,,,,0.53
11/28/2006,,,,0.65
11/27/2006,,,,0.68
11/24/2006,,,,0.52
11/22/2006,,,,0.63
11/21/2006,,,,0.62
11/20/2006,,,,0.54
11/17/2006,,,,0.47
11/16/2006,,,,0.53
11/15/2006,,,,0.52
11/14/2006,,,,0.58
11/13/2006,,,,0.59
11/10/2006,,,,0.79
11/9/2006,,,,0.61
11/8/2006,,,,0.68
11/7/2006,,,,0.57
11/6/2006,,,,0.55
11/3/2006,,,,0.64
11/2/2006,,,,0.61
11/1/2006,,,,0.64
